CREATE TABLE SchoolName (
    id INTEGER PRIMARY KEY,                -- 学校 ID
    name TEXT NOT NULL                     -- 学校名称
);

CREATE TABLE CollegeName (
    id INTEGER PRIMARY KEY,                -- 学院 ID
    name TEXT NOT NULL                     -- 学院名称
);

CREATE TABLE MajorName (
    id INTEGER PRIMARY KEY,                -- 专业 ID
    name TEXT NOT NULL                     -- 专业名称
);

CREATE TABLE CM (                          -- CM 关系表
    college_id INTEGER NOT NULL,           -- 学院 ID
    major_id INTEGER PRIMARY KEY,          -- 专业 ID
    FOREIGN KEY (college_id) REFERENCES CollegeName(id),
    FOREIGN KEY (major_id) REFERENCES MajorName(id)
);

CREATE TABLE University (                  -- 相当于 SC 关系表
    id INTEGER PRIMARY KEY AUTOINCREMENT,  -- 自动生成的主键
    school_id INTEGER NOT NULL,            -- 学校 ID
    college_id INTEGER NOT NULL,           -- 学院 ID
    principal_id TEXT NOT NULL,            -- 校长身份证号码
    dean_id TEXT NOT NULL,                 -- 学院院长身份证号码
    FOREIGN KEY (school_id) REFERENCES SchoolName(id),
    FOREIGN KEY (college_id) REFERENCES CollegeName(id),
    FOREIGN KEY (principal_id) REFERENCES SchoolStaff(id_number),
    FOREIGN KEY (dean_id) REFERENCES SchoolStaff(id_number)
);

CREATE TABLE Student (
    id INTEGER PRIMARY KEY AUTOINCREMENT,  -- 自动生成的主键
    id_number TEXT NOT NULL UNIQUE,        -- 身份证号码
    name TEXT NOT NULL,                    -- 姓名
    gender TEXT NOT NULL,                  -- 性别
    age INTEGER NOT NULL,                  -- 年龄
    contact_info TEXT NOT NULL,            -- 联系方式
    student_id TEXT NOT NULL UNIQUE,       -- 学生号
    university_id INTEGER NOT NULL,        -- 学校 ID
    college_id INTEGER NOT NULL,           -- 学院 ID
    major_id INTEGER NOT NULL,             -- 专业 ID
    FOREIGN KEY (university_id) REFERENCES SchoolName(id),
    FOREIGN KEY (college_id) REFERENCES CollegeName(id),
    FOREIGN KEY (major_id) REFERENCES MajorName(id)
);

CREATE TABLE SchoolStaff (
    id INTEGER PRIMARY KEY AUTOINCREMENT,  -- 自动生成的主键
    id_number TEXT NOT NULL UNIQUE,        -- 身份证号码
    name TEXT NOT NULL,                    -- 姓名
    gender TEXT NOT NULL,                  -- 性别
    age INTEGER NOT NULL,                  -- 年龄
    contact_info TEXT NOT NULL             -- 联系方式
);

/* 制作数据 */
INSERT INTO SchoolName (id, name) VALUES 
(10001, '北京大学'),
(10003, '清华大学'),
(10213, '哈尔滨工业大学'),
(10460, '河南理工大学'),
(10486, '武汉大学');



INSERT INTO CollegeName (id, name) VALUES 
(0x520, '计算机科学学院'),
(0x521, '工程学院'),
(0x522, '医学院'),
(0x523, '法学院'),
(0x524, '商学院'),
(0x525, '艺术学院'),
(0x526, '社会科学学院'),
(0x527, '农学院'),
(0x528, '体育科学学院'),
(0x529, '金融学院');



INSERT INTO MajorName (id, name) VALUES 
-- 计算机科学学院
(0x520, '计算机科学'),
(0x521, '软件工程'),
(0x522, '人工智能'),
(0x523, '数据科学'),
(0x524, '网络安全'),
(0x525, '游戏开发'),
(0x526, '计算机图形学'),
(0x527, '人机交互'),
(0x528, '云计算'),

-- 工程学院
(0x529, '机械工程'),
(0x52A, '电气工程'),
(0x52B, '土木工程'),
(0x52C, '化学工程'),
(0x52D, '环境工程'),
(0x52E, '材料科学'),
(0x52F, '工程物理'),
(0x530, '可再生能源'),
(0x531, '机器人技术'),

-- 医学院
(0x532, '医学'),
(0x533, '外科学'),
(0x534, '内科学'),
(0x535, '儿科学'),
(0x536, '精神病学'),
(0x537, '放射学'),
(0x538, '病理学'),
(0x539, '公共卫生'),
(0x53A, '流行病学'),

-- 法学院
(0x53B, '法律'),
(0x53C, '公司法'),
(0x53D, '知识产权法'),
(0x53E, '刑法'),
(0x53F, '家庭法'),
(0x540, '国际法'),
(0x541, '环境法'),
(0x542, '税法'),
(0x543, '合同法'),

-- 商学院
(0x544, '商业管理'),
(0x545, '金融'),
(0x546, '市场营销'),
(0x547, '会计学'),
(0x548, '管理学'),
(0x549, '人力资源管理'),
(0x54A, '运营管理'),
(0x54B, '创业'),
(0x54C, '战略管理'),

-- 艺术学院
(0x54D, '美术'),
(0x54E, '音乐'),
(0x54F, '戏剧'),
(0x550, '舞蹈'),
(0x551, '电影'),
(0x552, '摄影'),
(0x553, '设计'),
(0x554, '建筑学'),
(0x555, '艺术史'),

-- 社会科学学院
(0x556, '社会学'),
(0x557, '心理学'),
(0x558, '政治学'),
(0x559, '经济学'),
(0x55A, '人类学'),
(0x55B, '地理学'),
(0x55C, '历史学'),
(0x55D, '犯罪学'),
(0x55E, '社会工作'),

-- 农学院
(0x55F, '农学'),
(0x560, '植物科学'),
(0x561, '动物科学'),
(0x562, '农业经济学'),
(0x563, '土壤学'),
(0x564, '农业工程'),
(0x565, '食品科学'),
(0x566, '园艺学'),
(0x567, '农林学'),

-- 体育科学学院
(0x568, '体育科学'),
(0x569, '体育教育'),
(0x56A, '运动训练'),
(0x56B, '运动科学'),
(0x56C, '运动心理学'),
(0x56D, '体育管理'),
(0x56E, '运动医学'),
(0x56F, '体育教练'),
(0x570, '运动营养学'),

-- 金融学院
(0x571, '银行学'),
(0x572, '金融工程'),
(0x573, '资产管理'),
(0x574, '金融分析'),
(0x575, '风险管理'),
(0x576, '投资学'),
(0x577, '公司金融'),
(0x578, '行为金融学'),
(0x579, '保险学');



INSERT INTO CM (college_id, major_id) VALUES 
-- 计算机科学学院
(0x520, 0x520),
(0x520, 0x521),
(0x520, 0x522),
(0x520, 0x523),
(0x520, 0x524),
(0x520, 0x525),
(0x520, 0x526),
(0x520, 0x527),
(0x520, 0x528),

-- 工程学院
(0x521, 0x529),
(0x521, 0x52A),
(0x521, 0x52B),
(0x521, 0x52C),
(0x521, 0x52D),
(0x521, 0x52E),
(0x521, 0x52F),
(0x521, 0x530),
(0x521, 0x531),

-- 医学院
(0x522, 0x532),
(0x522, 0x533),
(0x522, 0x534),
(0x522, 0x535),
(0x522, 0x536),
(0x522, 0x537),
(0x522, 0x538),
(0x522, 0x539),
(0x522, 0x53A),

-- 法学院
(0x523, 0x53B),
(0x523, 0x53C),
(0x523, 0x53D),
(0x523, 0x53E),
(0x523, 0x53F),
(0x523, 0x540),
(0x523, 0x541),
(0x523, 0x542),
(0x523, 0x543),

-- 商学院
(0x524, 0x544),
(0x524, 0x545),
(0x524, 0x546),
(0x524, 0x547),
(0x524, 0x548),
(0x524, 0x549),
(0x524, 0x54A),
(0x524, 0x54B),
(0x524, 0x54C),

-- 艺术学院
(0x525, 0x54D),
(0x525, 0x54E),
(0x525, 0x54F),
(0x525, 0x550),
(0x525, 0x551),
(0x525, 0x552),
(0x525, 0x553),
(0x525, 0x554),
(0x525, 0x555),

-- 社会科学学院
(0x526, 0x556),
(0x526, 0x557),
(0x526, 0x558),
(0x526, 0x559),
(0x526, 0x55A),
(0x526, 0x55B),
(0x526, 0x55C),
(0x526, 0x55D),
(0x526, 0x55E),

-- 农学院
(0x527, 0x55F),
(0x527, 0x560),
(0x527, 0x561),
(0x527, 0x562),
(0x527, 0x563),
(0x527, 0x564),
(0x527, 0x565),
(0x527, 0x566),
(0x527, 0x567),

-- 体育科学学院
(0x528, 0x568),
(0x528, 0x569),
(0x528, 0x56A),
(0x528, 0x56B),
(0x528, 0x56C),
(0x528, 0x56D),
(0x528, 0x56E),
(0x528, 0x56F),
(0x528, 0x570),

-- 金融学院
(0x529, 0x571),
(0x529, 0x572),
(0x529, 0x573),
(0x529, 0x574),
(0x529, 0x575),
(0x529, 0x576),
(0x529, 0x577),
(0x529, 0x578),
(0x529, 0x579);

INSERT INTO SchoolStaff (id_number, name, gender, age, contact_info) VALUES
('610702199404261983', '巩紫筠', '女', 31, '13419065356'),
('451024199605037890', '时凝光', '男', 36, '17546033763'),
('652828199904096580', '蒿听南', '男', 52, '15157930271'),
('511902200002166143', '谬冰岚', '男', 38, '19618481620'),
('510703198008104052', '丛绿兰', '男', 57, '17386976693'),
('321084197909179271', '保凡白', '女', 32, '15630872175'),
('540228197811223465', '字诗珊', '男', 37, '18018017970'),
('230111199304243692', '竺梦筠', '女', 32, '15467359696'),
('360923198906280929', '章佳思柳', '女', 40, '17256494224'),
('13082519950228034X', '笪幻梅', '女', 43, '14786254347'),
('21028319770816264X', '镇冬瑶', '女', 37, '14568537650'),
('340207199704107899', '金妙梦', '女', 55, '17967751784'),
('371322197502280470', '能含山', '男', 38, '15501872818'),
('653130197110267910', '威恨易', '女', 44, '16664935315'),
('533325196907166787', '以沛柔', '男', 44, '19107537360'),
('140828197102037270', '势若芹', '女', 55, '13252310843'),
('220722198207137754', '召易雁', '男', 48, '15438401917'),
('460106199207171908', '温采雪', '男', 27, '17012132230'),
('130284196909242218', '宛曼霜', '女', 55, '17529363046'),
('21021119900809572X', '孛笑桃', '男', 50, '15288999936'),
('450721199405147356', '摩乐儿', '男', 39, '17355967951'),
('341522199612115008', '树之彤', '女', 30, '15230173961'),
('370682196510115720', '抗芷荷', '男', 44, '19540615486'),
('330825199108289837', '丘友灵', '女', 56, '19097460401'),
('140524197302253443', '仝飞柏', '男', 28, '15068135255'),
('321324199809266035', '箕念霜', '男', 53, '17142070585'),
('420302199108256162', '呼延绮波', '男', 34, '18567412470'),
('420506198405012473', '余胭', '男', 34, '17736079008'),
('350423198012064312', '洪南烟', '女', 35, '13742938142'),
('32041319680706727X', '谭安晴', '男', 52, '14610177373'),
('330727196904022467', '线平安', '男', 28, '15753428298'),
('610802199101042826', '答雪珍', '女', 55, '14690338889'),
('210521196801099625', '漆语阳', '男', 50, '18944780371'),
('640121198110132577', '禽冰玉', '女', 35, '19133099443'),
('371324198112203725', '敬元冬', '男', 24, '13674751199'),
('23060519811202428X', '允安青', '男', 33, '19752116600'),
('411481199111178281', '大惜真', '女', 44, '13682824113'),
('370983197409038203', '库冰绿', '女', 35, '13297898240'),
('340825197512315497', '冷语柳', '女', 57, '19295384591'),
('520627199407221565', '阙幻巧', '男', 39, '17099759938'),
('140723197807066197', '雷妙芙', '女', 49, '15262456069'),
('341702196808156233', '卢夏', '女', 30, '14500857016'),
('140222198905080049', '妫怜南', '男', 36, '17133733208'),
('211404197003180369', '绳曼云', '男', 55, '17459030204'),
('320722199901278459', '义曼丝', '男', 36, '14687600429'),
('320105197103045791', '仆晓彤', '女', 57, '13386452094'),
('652301197405149506', '夷安雁', '男', 43, '17014803251'),
('211321196811300265', '刀笑萱', '女', 54, '18085533710'),
('360733198012082327', '潘醉双', '男', 30, '15168569706'),
('210903196908262567', '习涵真', '女', 48, '18819395635'),
('410526199604074114', '弭怀绿', '男', 24, '15681066919'),
('150622196411135059', '叶傲柔', '女', 29, '15297897374'),
('430224196701262660', '瓮盼玉', '男', 54, '15124265911'),
('360428198806120594', '福之莲', '男', 31, '17511419163'),
('340506196612268288', '偶春蕾', '女', 42, '17516478153'),
('53332419700831289X', '拜友露', '男', 44, '16760352667'),
('33080319880118036X', '源映岚', '女', 40, '14762775464'),
('340406199505240069', '翠香凡', '女', 54, '14412285612'),
('110105198404290454', '丰书萱', '女', 44, '18757351047'),
('510108198202082693', '花访儿', '女', 32, '14798505833'),
('451225197801049440', '光忆琴', '女', 32, '13722942150'),
('360826199611084072', '梁丘醉珊', '男', 43, '16795583189'),
('522727196805148336', '佛安萱', '男', 36, '19697448298'),
('13110319681003191X', '辜青芙', '男', 42, '14471314322'),
('130529196411098548', '宁春翠', '男', 58, '15966090015'),
('230503196412012355', '刚千霜', '女', 30, '19572521185'),
('35080319730217030X', '符夏丝', '女', 35, '15757266800'),
('530723199107235254', '练小柳', '女', 50, '14570461802'),
('659002197512066884', '扬怀双', '男', 38, '13549655455'),
('440118199801248068', '蓬培', '男', 30, '17566529050'),
('141129197911148113', '牧依玉', '女', 36, '19013559705'),
('370302200002285628', '貊觅曼', '男', 60, '14576087792'),
('321302198110294478', '令狐以菡', '男', 48, '19133187623'),
('141033199908201305', '孟曼冬', '男', 29, '15186880721'),
('500115197707085408', '辉静珊', '男', 44, '15239802363'),
('640324196802241521', '赤初蝶', '女', 31, '15366335280'),
('540323198307106655', '老代晴', '女', 57, '17235102016'),
('65900719950813569X', '愚访波', '男', 36, '13548718908'),
('623023198408218951', '帖香彤', '女', 38, '13190391376'),
('410381197505079870', '苗之枫', '男', 34, '15400257182'),
('430304198310013201', '衅曼霜', '女', 53, '15133789890'),
('451424198010178798', '休香萱', '女', 34, '19732118163'),
('222424197306014104', '阚盼晴', '女', 27, '13926380976'),
('530828198701014748', '城静', '女', 28, '17744134556'),
('210802199307046051', '从雨文', '男', 32, '13684226546'),
('150523197409010674', '韦采霜', '女', 49, '14721752665'),
('320722200006276751', '刑白卉', '男', 38, '15601472228'),
('120111196811074572', '宦南玉', '女', 35, '18588060982'),
('360821199603246025', '项痴梅', '男', 59, '15601588420'),
('350924197509222856', '张简妙寒', '女', 58, '16754082894'),
('350781198407128122', '翟亦海', '女', 53, '17554598596'),
('340825196310041550', '汲香巧', '男', 42, '15141452220'),
('511126198209084783', '褚梦竹', '女', 57, '13311743121'),
('340208197312175224', '危夏萍', '男', 26, '14543580853'),
('321012197405079136', '齐孤晴', '女', 51, '16684374061'),
('371525196512310309', '方冰海', '男', 46, '14850294794'),
('530128197511138130', '张白兰', '女', 36, '18181422554'),
('41050219650625925X', '肥恨桃', '男', 49, '18769949350'),
('511529199706156114', '别听荷', '女', 56, '13630738272'),
('540230197504150683', '慕锦', '男', 33, '16783586442');

INSERT INTO Student (id_number, name, gender, age, contact_info, student_id, university_id, college_id, major_id) VALUES
('530428198806204159', '戎又夏', '女', 38, '18079120454', '20010001', '10001', '1318', '1367'),
('230230199211284780', '笃从丹', '男', 33, '15373745483', '20020002', '10001', '1314', '1333'),
('152525199701209385', '容代儿', '男', 57, '18781104535', '20030003', '10001', '1318', '1371'),
('450924198910235184', '缪翠巧', '女', 53, '13096026460', '20040004', '10001', '1318', '1366'),
('370113199606260432', '运易绿', '女', 56, '13145580407', '20050005', '10001', '1317', '1359'),
('130227196402195515', '改依风', '女', 57, '15024543414', '20060006', '10001', '1314', '1333'),
('130203199607075974', '天从珍', '女', 60, '17627432617', '20070007', '10001', '1315', '1347'),
('350624199004191452', '潭南曼', '男', 32, '13701545691', '20080008', '10001', '1319', '1380'),
('32118319940203774X', '伍初柔', '女', 56, '13162201974', '20090009', '10001', '1317', '1361'),
('371723196505225526', '子车凌凡', '女', 45, '13516782003', '20100010', '10001', '1313', '1321'),
('450311198905273763', '皋书容', '女', 48, '13428064873', '20110011', '10001', '1312', '1317'),
('370212198605291952', '茅乐易', '女', 58, '17780191448', '20120012', '10001', '1318', '1366'),
('330226200007147599', '莘幻雪', '男', 28, '18451705071', '20130013', '10001', '1320', '1385'),
('654223196603183107', '郝雪梅', '女', 59, '19336341733', '20140014', '10001', '1314', '1334'),
('500115197707085408', '谈幼枫', '女', 48, '17725486957', '20150015', '10001', '1315', '1339'),
('621225197410051764', '佟静芹', '男', 52, '18465740398', '20160016', '10001', '1318', '1371'),
('230202197912269052', '承诗云', '女', 55, '17230816510', '20170017', '10001', '1315', '1342'),
('152202198306054517', '东门春南', '女', 24, '17629717507', '20180018', '10001', '1320', '1392'),
('511824198603208567', '麦半容', '男', 49, '16595931803', '20190019', '10001', '1312', '1320'),
('150523199204244732', '傅秋巧', '女', 51, '19745793852', '20200020', '10001', '1321', '1399'),
('510781198507075427', '睢傲旋', '女', 46, '18708895115', '20010021', '10001', '1315', '1347'),
('360428198806120594', '卑元秋', '男', 41, '19035730506', '20020022', '10001', '1319', '1378'),
('22018219820608325X', '宰父慕丹', '男', 54, '15888468989', '20030023', '10001', '1317', '1357'),
('45072119860809910X', '泣曼巧', '男', 30, '15657349937', '20040024', '10001', '1314', '1333'),
('131002198101194924', '昌巧蕊', '女', 29, '18179531161', '20050025', '10001', '1314', '1335'),
('211103197001117208', '寿含真', '女', 45, '15955158374', '20060026', '10001', '1313', '1326'),
('530824198803238915', '满宛丹', '女', 36, '19255491356', '20070027', '10001', '1317', '1363'),
('65900619670511154X', '濮语云', '男', 60, '17618961742', '20080028', '10001', '1320', '1385'),
('231226198906185043', '闭绮丝', '女', 28, '17848337623', '20090029', '10001', '1314', '1332'),
('140405199611193717', '厉巧松', '女', 31, '13995465070', '20100030', '10001', '1317', '1361'),
('140428197209124516', '鲜于以柳', '女', 27, '13307107726', '20110031', '10001', '1314', '1332'),
('431027196706287444', '雍谷蓝', '男', 24, '18385093724', '20120032', '10001', '1315', '1340'),
('231025199007086196', '范山天', '男', 59, '17704477047', '20130033', '10001', '1318', '1367'),
('411329200007019517', '仲孙强圉', '女', 32, '13199225541', '20140034', '10001', '1321', '1396'),
('13053319711219853X', '庞绿云', '女', 24, '13430082937', '20150035', '10001', '1313', '1328'),
('230805196705208561', '茆千凝', '男', 50, '13476105793', '20160036', '10001', '1318', '1370'),
('460106198305302241', '通又蕊', '女', 49, '15346528907', '20170037', '10001', '1314', '1331'),
('430223199604208440', '孝冬安', '女', 36, '18308165809', '20180038', '10001', '1320', '1391'),
('410523197610182340', '达友凡', '女', 57, '13723505326', '20190039', '10001', '1316', '1349'),
('421303198507039889', '阿香彤', '女', 32, '18167854363', '20200040', '10001', '1313', '1321'),
('522625198508248999', '却傲夏', '女', 51, '17986861475', '20010041', '10001', '1319', '1383'),
('511381199107058410', '向忆梅', '女', 55, '15657256548', '20020042', '10001', '1313', '1325'),
('370203198611253008', '用语海', '女', 24, '19233926622', '20030043', '10001', '1313', '1321'),
('230724198312167503', '司寇半荷', '女', 49, '18798077141', '20040044', '10001', '1316', '1355'),
('371525196512310309', '寒妙菡', '女', 34, '16689410814', '20050045', '10001', '1313', '1326'),
('350802197408265650', '宣夜卉', '男', 27, '14607069735', '20060046', '10001', '1318', '1367'),
('130302199601254639', '司马幼芙', '女', 26, '15549591703', '20070047', '10001', '1317', '1361'),
('231121197108204965', '愈秋珊', '女', 31, '19060494303', '20080048', '10001', '1319', '1376'),
('431225196608037714', '端木翠霜', '男', 27, '15198720256', '20090049', '10001', '1320', '1384'),
('230422199301143229', '轩辕雪卉', '女', 50, '15765158326', '20100050', '10001', '1316', '1351'),
('361025196903123528', '麴凌山', '男', 29, '18889053106', '20110051', '10001', '1321', '1399'),
('310101199306082404', '多孤梅', '女', 57, '17577380033', '20120052', '10001', '1320', '1384'),
('140109199611257185', '屠妙松', '男', 50, '18193702173', '20130053', '10001', '1320', '1391'),
('130725199603049045', '太叔沛莲', '男', 46, '19589833773', '20140054', '10001', '1314', '1337'),
('370213197912114165', '赫凌山', '女', 50, '16751047342', '20150055', '10001', '1316', '1355'),
('360321198409044583', '圣山阳', '女', 37, '19164800850', '20160056', '10001', '1315', '1340'),
('330211199004170881', '仉问凝', '女', 38, '19033575735', '20170057', '10001', '1317', '1359'),
('411024197806172347', '贺春芹', '男', 38, '18983874062', '20180058', '10001', '1318', '1370'),
('530723199107235254', '空思烟', '女', 46, '19982158891', '20190059', '10001', '1318', '1370'),
('130523196311159325', '毕碧春', '男', 48, '15278972330', '20200060', '10001', '1320', '1388'),
('220106198811213212', '蒙冬卉', '女', 44, '14402832759', '20010061', '10001', '1321', '1394'),
('630223197907066433', '仵大荒落', '女', 45, '17392613775', '20020062', '10001', '1319', '1380'),
('445102199610019776', '茹紫萍', '男', 47, '13945091016', '20030063', '10001', '1313', '1326'),
('321084199001202848', '世以筠', '男', 57, '18792884675', '20040064', '10001', '1317', '1357'),
('450881198001263147', '滕寄琴', '男', 29, '13733043821', '20050065', '10001', '1320', '1387'),
('43022319791012203X', '左新柔', '男', 55, '14423323230', '20060066', '10001', '1320', '1390'),
('450421198302144397', '辟采雪', '女', 52, '13812126135', '20070067', '10001', '1319', '1383'),
('210402196604188886', '虎寄柔', '男', 44, '17497554714', '20080068', '10001', '1319', '1377'),
('511803198003307076', '羊沛亦', '女', 60, '17668357479', '20090069', '10001', '1315', '1339'),
('511724196608203533', '礼飞南', '女', 56, '14920020937', '20100070', '10001', '1312', '1318'),
('350525197605288964', '步忆灵', '女', 37, '17721404306', '20110071', '10001', '1314', '1333'),
('210502199908086992', '班安萱', '男', 48, '19541267595', '20120072', '10001', '1321', '1393'),
('540527197410234518', '洋冬梅', '女', 27, '14890199374', '20130073', '10001', '1312', '1318'),
('350504199302055204', '梅香冬', '男', 34, '17880451038', '20140074', '10001', '1312', '1320'),
('371625199610062504', '道醉梅', '男', 29, '15226386068', '20150075', '10001', '1315', '1344'),
('632622199306115777', '宓卿', '女', 56, '19620529768', '20160076', '10001', '1314', '1332'),
('422825198412164042', '朋采蓝', '男', 51, '17297921724', '20170077', '10001', '1312', '1320'),
('140723197807066197', '徐采春', '女', 53, '19939919061', '20180078', '10001', '1317', '1364'),
('231283196801014908', '于秋竹', '男', 50, '19903957341', '20190079', '10001', '1315', '1346'),
('51343019881212149X', '宫香冬', '男', 29, '17087917958', '20200080', '10001', '1320', '1392'),
('340111198311106742', '謇丹珊', '男', 25, '13990606576', '20010081', '10001', '1317', '1357'),
('361021199401100498', '樊青梦', '女', 24, '15639244273', '20020082', '10001', '1312', '1319'),
('210802199307046051', '司空映寒', '男', 50, '16616511359', '20030083', '10001', '1314', '1337'),
('430581198707041650', '米春柔', '男', 57, '19007958550', '20040084', '10001', '1313', '1322'),
('410423197203220025', '让摄提格', '女', 33, '14844652063', '20050085', '10001', '1313', '1323'),
('14113019711103536X', '陈天卉', '女', 29, '17336132363', '20060086', '10001', '1321', '1399'),
('331023197609198787', '杨白莲', '女', 44, '13486539905', '20070087', '10001', '1317', '1362'),
('431202199008252612', '巧孤双', '女', 41, '16753278553', '20080088', '10001', '1313', '1324'),
('500156199611168563', '荤笑容', '男', 44, '16640529559', '20090089', '10001', '1321', '1401'),
('330727196904022467', '候从凝', '女', 55, '17733769156', '20100090', '10001', '1320', '1385'),
('360112198602241709', '卞醉柳', '女', 30, '18988235620', '20110091', '10001', '1318', '1370'),
('140403197801232113', '撒白凝', '女', 47, '19348750824', '20120092', '10001', '1317', '1363'),
('500237196605200777', '溥飞双', '男', 48, '17824809131', '20130093', '10001', '1320', '1391'),
('420683199409018576', '阳山白', '男', 57, '13975243352', '20140094', '10001', '1314', '1338'),
('340522199904204095', '祁冰双', '男', 42, '18715762447', '20150095', '10001', '1313', '1324'),
('451029196512180151', '盛青容', '女', 49, '17835185855', '20160096', '10001', '1312', '1314'),
('411524198604221755', '南门慕蕊', '女', 58, '16641077412', '20170097', '10001', '1321', '1401'),
('632701198802141930', '古元槐', '男', 36, '15580447078', '20180098', '10001', '1319', '1375'),
('220722198207137754', '顿易蓉', '男', 37, '17670347851', '20190099', '10001', '1312', '1313'),
('231025198812141923', '芮念文', '男', 44, '15948003425', '20200100', '10001', '1313', '1325'),
('120114197108181820', '留怀梦', '男', 28, '15191912685', '20010101', '10001', '1320', '1386'),
('441702198808082716', '夫又琴', '女', 45, '13645996267', '20020102', '10001', '1319', '1381'),
('360302198708206555', '蹇雪莲', '女', 31, '17410276743', '20030103', '10001', '1320', '1384'),
('410502199211050030', '胥梦槐', '男', 37, '19619118213', '20040104', '10001', '1315', '1343'),
('441481197701269286', '昔绮芙', '女', 35, '13202959598', '20050105', '10001', '1312', '1315'),
('371425196710232465', '黎绮晴', '男', 47, '19747844582', '20060106', '10001', '1315', '1343'),
('410329197612190923', '养夜柔', '女', 31, '15958432638', '20070107', '10001', '1321', '1394'),
('659007196607085030', '环幼荷', '女', 51, '18291013161', '20080108', '10001', '1314', '1337'),
('451024199605037890', '宝笑容', '女', 34, '19202265000', '20090109', '10001', '1315', '1343'),
('513422197501243671', '聂初阳', '男', 27, '13322630206', '20100110', '10001', '1321', '1396'),
('361126199811237013', '季若枫', '女', 58, '13425522192', '20110111', '10001', '1317', '1361'),
('540231199512226727', '凤幻玉', '男', 24, '13651717203', '20120112', '10001', '1319', '1377'),
('140924199507284703', '袁冬晴', '女', 42, '13192598470', '20130113', '10001', '1314', '1330'),
('361021199802278019', '昝涵阳', '女', 24, '17669142365', '20140114', '10001', '1319', '1375'),
('41050219650625925X', '漆雕采南', '男', 45, '19592304562', '20150115', '10001', '1320', '1386'),
('53332419700831289X', '励姬', '男', 37, '16502471006', '20160116', '10001', '1312', '1315'),
('37142319660114544X', '浮海秋', '男', 47, '13531080574', '20170117', '10001', '1314', '1331'),
('36073219651004992X', '安尔真', '女', 52, '17005322273', '20180118', '10001', '1313', '1322'),
('652801199807126311', '长孙以莲', '男', 33, '13058117474', '20190119', '10001', '1319', '1376'),
('210404198805125592', '粘采春', '男', 27, '18473409103', '20200120', '10001', '1314', '1331'),
('230622197011033912', '褒秋荷', '女', 31, '19625226284', '20010121', '10001', '1319', '1380'),
('500152198209253903', '肖飞玉', '女', 31, '15110341483', '20020122', '10001', '1314', '1333'),
('620721198311169199', '接青易', '女', 56, '19249444635', '20030123', '10001', '1319', '1382'),
('341524197111089773', '逮盼芙', '女', 60, '14650451323', '20040124', '10001', '1313', '1329'),
('510113196705014256', '虞笑丝', '女', 32, '13022801438', '20050125', '10001', '1312', '1319'),
('36092219681212548X', '校依巧', '男', 41, '13437100685', '20060126', '10001', '1317', '1360'),
('210903196908262567', '詹雪曼', '男', 42, '13036808816', '20070127', '10001', '1313', '1324'),
('500107198311058280', '错幼薇', '女', 53, '15523064620', '20080128', '10001', '1315', '1340'),
('510921200002070350', '伯尔晴', '女', 43, '17191048102', '20090129', '10001', '1314', '1338'),
('340121196407207242', '桂如香', '男', 33, '13974335213', '20100130', '10001', '1318', '1374'),
('130109196709102426', '柯绿竹', '女', 31, '17207691670', '20110131', '10001', '1319', '1377'),
('540622197809130204', '象刻晴', '女', 44, '18271825039', '20120132', '10001', '1312', '1317'),
('371322197502280470', '旷碧白', '男', 35, '18069880818', '20130133', '10001', '1314', '1336'),
('420117198410013064', '刘冰之', '女', 50, '18869184509', '20140134', '10001', '1313', '1326'),
('445303198502139888', '六易蓉', '男', 39, '19047860652', '20150135', '10001', '1321', '1396'),
('420506198804183763', '田寄芙', '女', 47, '14414437358', '20160136', '10001', '1316', '1354'),
('540426197508270208', '其灵曼', '女', 26, '14476117841', '20170137', '10001', '1316', '1354'),
('140723197811266503', '局诗岚', '女', 24, '17370400944', '20180138', '10001', '1318', '1374'),
('652928199512135363', '何小凝', '女', 25, '18399593538', '20190139', '10001', '1320', '1391'),
('632726198605086634', '仪依秋', '男', 42, '14512494605', '20200140', '10001', '1318', '1366'),
('350902197405022122', '羿语卉', '女', 42, '17925525416', '20010141', '10001', '1316', '1354'),
('511133196906066438', '司冷南', '女', 51, '19512909965', '20020142', '10001', '1316', '1353'),
('430811196510075361', '江幼凡', '男', 32, '17903848081', '20030143', '10001', '1314', '1333'),
('422801199109195691', '雪乐冬', '女', 52, '19293113427', '20040144', '10001', '1320', '1390'),
('350322199403227724', '刁诗双', '女', 48, '19193569568', '20050145', '10001', '1316', '1351'),
('371722198903219175', '荆以文', '女', 52, '13663895438', '20060146', '10001', '1315', '1341'),
('210602198110105470', '盈友柳', '女', 36, '13290605464', '20070147', '10001', '1319', '1377'),
('451203196502202553', '宋冷绿', '女', 57, '13692076338', '20080148', '10001', '1317', '1357'),
('440281198406184629', '诗水蕊', '女', 51, '19954375477', '20090149', '10001', '1315', '1345'),
('469029198911125502', '卷安珊', '男', 25, '13355483762', '20100150', '10001', '1313', '1326'),
('540526197203222470', '孔沛安', '男', 55, '17414981957', '20110151', '10001', '1312', '1320'),
('420112197902247469', '岳夜梅', '女', 27, '18253911526', '20120152', '10001', '1312', '1314'),
('360732199708282237', '肇沛夏', '女', 28, '14707465528', '20130153', '10001', '1316', '1351'),
('23060519811202428X', '仍汝', '女', 53, '17443387662', '20140154', '10001', '1315', '1344'),
('62092119670911582X', '野沛灵', '女', 26, '18315618804', '20150155', '10001', '1313', '1324'),
('411523199212025438', '占凌兰', '男', 40, '15971533045', '20160156', '10001', '1313', '1323'),
('340825196310041550', '智书白', '男', 38, '18414058446', '20170157', '10001', '1312', '1317'),
('23071719680827385X', '希凡桃', '男', 32, '14518897511', '20180158', '10001', '1317', '1363'),
('43010519930513499X', '乐正寄灵', '男', 37, '15123291254', '20190159', '10001', '1314', '1333'),
('210521196801099625', '綦冰蝶', '女', 45, '18853090223', '20200160', '10001', '1314', '1332'),
('653130197110267910', '苌书阳', '男', 40, '19717888335', '20010161', '10001', '1315', '1339'),
('210402198305303759', '晏香雁', '女', 39, '18543791409', '20020162', '10001', '1314', '1332'),
('610581198706235932', '俟天风', '男', 29, '15911030496', '20030163', '10001', '1313', '1326'),
('533102196503040031', '但寒风', '男', 49, '17360110462', '20040164', '10001', '1319', '1382'),
('41110219760123269X', '连芷荷', '男', 29, '19982111639', '20050165', '10001', '1312', '1320'),
('430511200006139744', '师亦儿', '男', 27, '16521100105', '20060166', '10001', '1313', '1322'),
('230124197904127743', '公晓菡', '男', 36, '19395996235', '20070167', '10001', '1318', '1370'),
('451225197801049440', '上官如冬', '女', 60, '19539001954', '20080168', '10001', '1316', '1353'),
('320921197407318924', '竹千筠', '男', 30, '18251002972', '20090169', '10001', '1312', '1316'),
('640521196607231573', '邹雨凝', '男', 52, '17849180013', '20100170', '10001', '1312', '1318'),
('370784196612259918', '富察平绿', '女', 55, '15637097963', '20110171', '10001', '1315', '1345'),
('43018219840513416X', '侨寒云', '男', 50, '14920981225', '20120172', '10001', '1315', '1345'),
('230110199002117897', '琴忆之', '女', 26, '18996192203', '20130173', '10001', '1315', '1345'),
('140212196501170281', '西门曼霜', '女', 47, '19514169501', '20140174', '10001', '1316', '1355'),
('32128319950820154X', '诺恨珍', '男', 51, '18288754900', '20150175', '10001', '1319', '1380'),
('222424197306014104', '乔静翠', '男', 36, '17663467194', '20160176', '10001', '1320', '1387'),
('340421197004192235', '宇文痴梅', '女', 33, '13051524310', '20170177', '10001', '1314', '1335'),
('659002197512066884', '受白珍', '女', 30, '18428510152', '20180178', '10001', '1317', '1359'),
('621224198908219788', '谌问薇', '女', 37, '16583941102', '20190179', '10001', '1319', '1381'),
('451425198412116860', '郭从霜', '女', 32, '19301081936', '20200180', '10001', '1318', '1368'),
('620825198506290694', '睦晓露', '男', 38, '17491562314', '20010181', '10003', '1313', '1328'),
('37152519910617961X', '士海薇', '男', 35, '16661996769', '20020182', '10003', '1313', '1324'),
('510726199905050196', '公冶香旋', '男', 34, '17983007993', '20030183', '10003', '1314', '1335'),
('210681197606207703', '不夏翠', '女', 52, '19656702572', '20040184', '10003', '1317', '1362'),
('440118199801248068', '矫怀山', '女', 51, '13548088943', '20050185', '10003', '1315', '1346'),
('230822196909113368', '籍亦凝', '男', 29, '18453720984', '20060186', '10003', '1320', '1387'),
('110108197112016730', '伊寻云', '女', 60, '17476886818', '20070187', '10003', '1313', '1321'),
('220284198304248749', '甘天真', '女', 58, '15222620842', '20080188', '10003', '1318', '1370'),
('510683198006170618', '声夜儿', '女', 32, '14868267786', '20090189', '10003', '1316', '1353'),
('653121197409100860', '原飞南', '男', 54, '15413537566', '20100190', '10003', '1320', '1388'),
('130528197512184945', '圭山阳', '女', 47, '17443300745', '20110191', '10003', '1314', '1330'),
('230503196412012355', '纳喇初蓝', '女', 43, '16534111136', '20120192', '10003', '1313', '1328'),
('611026200005181977', '栗冷桃', '女', 58, '18364174547', '20130193', '10003', '1314', '1333'),
('430304198310013201', '虢亦竹', '男', 42, '18167726881', '20140194', '10003', '1320', '1384'),
('141034199410028601', '莱语柳', '男', 46, '19174643612', '20150195', '10003', '1314', '1334'),
('340603199601061425', '席柔兆', '女', 37, '19188388634', '20160196', '10003', '1318', '1374'),
('370685199710150814', '邗访曼', '男', 44, '13236290827', '20170197', '10003', '1313', '1321'),
('532823196708074509', '善傲文', '女', 34, '16712520215', '20180198', '10003', '1317', '1360'),
('632525198803062388', '谢谷香', '女', 34, '19658171811', '20190199', '10003', '1313', '1322'),
('350624197602157570', '素听梦', '男', 28, '17205313376', '20200200', '10003', '1313', '1326'),
('431227198112230571', '荀念香', '女', 41, '14870479205', '20010201', '10003', '1314', '1338'),
('540323198307106655', '宿冬萱', '男', 49, '15568927044', '20020202', '10003', '1313', '1321'),
('52022119791012689X', '夏笑槐', '女', 60, '13016387137', '20030203', '10003', '1315', '1347'),
('210203198905240312', '鄢小真', '女', 51, '17351701129', '20040204', '10003', '1315', '1339'),
('632524197401221701', '淡缎', '男', 57, '19231335910', '20050205', '10003', '1321', '1398'),
('231025196811060399', '首从蓉', '女', 50, '18876589134', '20060206', '10003', '1315', '1341'),
('410204198112045385', '九绿柳', '女', 57, '18770827215', '20070207', '10003', '1321', '1395'),
('370786197903190655', '钊孤风', '男', 32, '13089323471', '20080208', '10003', '1314', '1338'),
('130521198101103661', '风海白', '男', 55, '18202651859', '20090209', '10003', '1313', '1322'),
('431022196610288440', '湛平凡', '女', 43, '15936899460', '20100210', '10003', '1313', '1325'),
('130635198205256666', '甲幼绿', '女', 56, '13739986371', '20110211', '10003', '1313', '1322'),
('510108198202082693', '官香巧', '男', 60, '18490962469', '20120212', '10003', '1312', '1315'),
('320583196910016598', '翦若丝', '男', 57, '18207572735', '20130213', '10003', '1321', '1395'),
('421102199310127866', '冯从筠', '女', 25, '18113782667', '20140214', '10003', '1315', '1346'),
('330108197506296879', '邴采冬', '女', 25, '14840969792', '20150215', '10003', '1321', '1400'),
('370682196510115720', '镜冰芙', '男', 32, '15347614667', '20160216', '10003', '1314', '1331'),
('310110196411242521', '靖雪曼', '女', 60, '17084557747', '20170217', '10003', '1314', '1331'),
('540424198106147006', '潜傲丝', '女', 38, '18447621431', '20180218', '10003', '1321', '1397'),
('430424197407179933', '夔从之', '女', 54, '19799854688', '20190219', '10003', '1314', '1335'),
('220102198207026669', '楼忆柔', '男', 52, '13056497377', '20200220', '10003', '1320', '1385'),
('640205197511091287', '员芷芹', '女', 54, '19352196276', '20010221', '10003', '1315', '1341'),
('61032919931008307X', '回巧之', '男', 37, '15126299099', '20020222', '10003', '1312', '1320'),
('370612197406076069', '谷以柔', '女', 60, '13094782390', '20030223', '10003', '1318', '1373'),
('450222198405039114', '管代灵', '男', 29, '17385166277', '20040224', '10003', '1316', '1353'),
('130629199004103708', '崔寄山', '女', 48, '19394064918', '20050225', '10003', '1313', '1323'),
('50015219910310287X', '果寄柔', '男', 46, '19169998826', '20060226', '10003', '1312', '1316'),
('140224196708249590', '所涵桃', '男', 31, '15643283578', '20070227', '10003', '1314', '1331'),
('152202199906036966', '韩山枫', '女', 43, '14747234847', '20080228', '10003', '1316', '1356'),
('654324199212272917', '薄天烟', '男', 58, '14695743886', '20090229', '10003', '1316', '1356'),
('320723197709118399', '功海风', '女', 31, '18603544241', '20100230', '10003', '1317', '1358'),
('140403199607251352', '盍思柳', '男', 33, '15467441716', '20110231', '10003', '1316', '1348'),
('152528196811158502', '化翠荷', '男', 55, '14401055900', '20120232', '10003', '1316', '1352'),
('211103196502059793', '羊舌初蝶', '男', 42, '17627800488', '20130233', '10003', '1321', '1398'),
('450721199405147356', '浦孤云', '女', 25, '19646849009', '20140234', '10003', '1321', '1395'),
('130725198007119532', '单从云', '女', 30, '15909135353', '20150235', '10003', '1318', '1371'),
('511702199204146961', '揭水之', '女', 30, '19961021117', '20160236', '10003', '1314', '1335'),
('210311197405049002', '兰如筠', '女', 41, '16762766289', '20170237', '10003', '1316', '1352'),
('469027198408206556', '卿冰香', '男', 47, '13181486795', '20180238', '10003', '1320', '1388'),
('11011119941206642X', '酆谷筠', '女', 51, '18333616256', '20190239', '10003', '1314', '1330'),
('411725199103235675', '单于芷波', '男', 42, '18217212194', '20200240', '10003', '1317', '1361'),
('130634198407277020', '禄妙丹', '女', 42, '18557695410', '20010241', '10003', '1316', '1355'),
('150722199203298768', '公羊从霜', '男', 24, '14855972666', '20020242', '10003', '1316', '1353'),
('360923198906280929', '资怀阳', '女', 60, '15150344836', '20030243', '10003', '1313', '1321'),
('370117199203186165', '止山亦', '女', 31, '15490570315', '20040244', '10003', '1321', '1397'),
('450502198906168441', '蒲安晴', '女', 27, '16570086445', '20050245', '10003', '1321', '1398'),
('511723199405244615', '裘雁丝', '女', 59, '18147879997', '20060246', '10003', '1315', '1346'),
('220881197109197025', '操迎真', '女', 59, '17233310106', '20070247', '10003', '1318', '1370'),
('532923198404081552', '凌妙巧', '女', 34, '18010395771', '20080248', '10003', '1315', '1344'),
('211224199212308115', '储乐青', '女', 57, '13047276001', '20090249', '10003', '1320', '1389'),
('14032219780729890X', '归曼安', '男', 32, '15977983425', '20100250', '10003', '1320', '1384'),
('230230197506102105', '山绮琴', '女', 45, '13406067844', '20110251', '10003', '1313', '1326'),
('421083197602124812', '丁映冬', '女', 31, '15836650370', '20120252', '10003', '1315', '1345'),
('340121199804240584', '舒寒海', '女', 31, '14579347994', '20130253', '10003', '1312', '1313'),
('130530197605188023', '督乐青', '男', 24, '19195065970', '20140254', '10003', '1321', '1398'),
('510132197501259837', '包映亦', '男', 47, '19563989085', '20150255', '10003', '1315', '1347'),
('44532119780117303X', '汗怀露', '男', 35, '17418358430', '20160256', '10003', '1321', '1400'),
('152923199212221825', '玉念巧', '女', 59, '18175913624', '20170257', '10003', '1317', '1364'),
('150205199601117009', '那拉尔槐', '男', 33, '14562085916', '20180258', '10003', '1321', '1394'),
('440802197511309457', '罕梦筠', '男', 59, '13355967281', '20190259', '10003', '1313', '1327'),
('210624197211138611', '贰觅晴', '女', 29, '18871166216', '20200260', '10003', '1321', '1395'),
('360423199705027641', '夏侯傲蕊', '女', 57, '18156706065', '20010261', '10003', '1316', '1349'),
('13100319640210925X', '诸婷', '女', 46, '19882897441', '20020262', '10003', '1320', '1388'),
('620111197608042471', '眭以琴', '男', 56, '17367603505', '20030263', '10003', '1321', '1396'),
('610526199109140724', '晋代桃', '女', 53, '15853054288', '20040264', '10003', '1318', '1369'),
('440785197103016845', '东方丹亦', '男', 57, '15432451114', '20050265', '10003', '1316', '1350'),
('130637199004244623', '公叔碧芙', '男', 24, '17641076715', '20060266', '10003', '1321', '1401'),
('513328197503129875', '暨从天', '男', 47, '15580653827', '20070267', '10003', '1316', '1348'),
('45032519971203438X', '乘友旋', '女', 47, '14790911868', '20080268', '10003', '1313', '1324'),
('511024196711279984', '尾半梅', '男', 52, '14855197149', '20090269', '10003', '1314', '1337'),
('130284196909242218', '吴天容', '男', 24, '14961945424', '20100270', '10003', '1313', '1326'),
('511323198607279828', '滑小凝', '男', 42, '15014697614', '20110271', '10003', '1313', '1325'),
('441323196907137461', '锐白风', '男', 36, '14514660476', '20120272', '10003', '1318', '1369'),
('150122199211060327', '蹉凡柏', '男', 59, '14807214656', '20130273', '10003', '1315', '1345'),
('51101119860302958X', '招凌珍', '男', 43, '15378721760', '20140274', '10003', '1314', '1331'),
('513426200005108614', '似凡雁', '男', 37, '13429358516', '20150275', '10003', '1315', '1343'),
('341503197107099424', '庆易蝶', '女', 40, '13441549945', '20160276', '10003', '1312', '1319'),
('451222199707262077', '皇甫念之', '女', 43, '15861528859', '20170277', '10003', '1313', '1324'),
('433126199308221639', '碧鲁傲易', '女', 29, '13208058926', '20180278', '10003', '1316', '1354'),
('341821199301215255', '冼雁香', '女', 49, '13197392692', '20190279', '10003', '1317', '1357'),
('530629198305162277', '悟平卉', '男', 30, '14769319401', '20200280', '10003', '1312', '1316'),
('654002198305198139', '广依云', '男', 55, '19957313001', '20010281', '10003', '1320', '1385'),
('653125197512257626', '窦香之', '女', 47, '14508842074', '20020282', '10003', '1315', '1339'),
('520525196702156813', '侯初文', '男', 48, '19178860081', '20030283', '10003', '1316', '1352'),
('411527197507217636', '仁静丝', '女', 51, '16625512455', '20040284', '10003', '1316', '1353'),
('533422197306151599', '夕之山', '男', 46, '13662182980', '20050285', '10003', '1316', '1352'),
('51330119741230069X', '泉绿凝', '女', 56, '18094224210', '20060286', '10003', '1314', '1335'),
('511603197411250368', '骆冰夏', '男', 51, '15201686459', '20070287', '10003', '1313', '1328'),
('371502199510144385', '沐醉柔', '女', 42, '16655607140', '20080288', '10003', '1312', '1318'),
('420527199203263596', '居安蕾', '男', 32, '13263885932', '20090289', '10003', '1314', '1337'),
('540625197211111307', '庹依风', '男', 41, '15731840134', '20100290', '10003', '1317', '1358'),
('150428198507074939', '书惜寒', '男', 34, '17743229783', '20110291', '10003', '1313', '1327'),
('530828196911135565', '袭春香', '女', 55, '19397747364', '20120292', '10003', '1320', '1384'),
('532823197011062350', '母采珊', '男', 36, '14578914554', '20130293', '10003', '1315', '1340'),
('430104196702136382', '开笑曼', '男', 55, '13670336889', '20140294', '10003', '1316', '1353'),
('610921198204273125', '况映蓝', '男', 38, '19115581030', '20150295', '10003', '1320', '1391'),
('450381196308166142', '毋雨寒', '男', 58, '17228967149', '20160296', '10003', '1318', '1374'),
('410122198312125467', '苦慕易', '女', 42, '19999864466', '20170297', '10003', '1317', '1359'),
('511423199407042076', '暴半芹', '女', 50, '13709134590', '20180298', '10003', '1314', '1335'),
('330424199709080387', '朴词', '男', 51, '19860056813', '20190299', '10003', '1318', '1367'),
('230805198709115951', '出思双', '男', 40, '13591433440', '20200300', '10003', '1320', '1392'),
('610622197403103845', '俞亦丝', '女', 49, '14877698445', '20010301', '10003', '1317', '1365'),
('430611197308293449', '郁秋之', '女', 35, '14980102023', '20020302', '10003', '1313', '1322'),
('320402199210056062', '系迎夏', '女', 41, '14571536006', '20030303', '10003', '1321', '1395'),
('43011119991031980X', '洛平筠', '男', 36, '14849919046', '20040304', '10003', '1314', '1330'),
('520302200006128775', '甫凝丹', '女', 24, '16796030529', '20050305', '10003', '1318', '1367'),
('510781197107211632', '弓寄文', '男', 49, '18759079149', '20060306', '10003', '1315', '1345'),
('440281198210123584', '丹醉霜', '男', 32, '18326996185', '20070307', '10003', '1313', '1324'),
('110118198304269342', '戊寄柔', '女', 54, '15892311423', '20080308', '10003', '1320', '1391'),
('410181200004265062', '堂诗儿', '男', 35, '18382057359', '20090309', '10003', '1316', '1350'),
('150303197304038965', '喻依秋', '男', 54, '19853913582', '20100310', '10003', '1318', '1368'),
('500106197405128496', '京语梦', '女', 46, '17724263367', '20110311', '10003', '1317', '1363'),
('340404197904289263', '葛梦秋', '女', 48, '17706074948', '20120312', '10003', '1314', '1335'),
('360481199509051293', '边紫夏', '女', 43, '19386193314', '20130313', '10003', '1320', '1390'),
('520627199407221565', '问含之', '男', 31, '18227155881', '20140314', '10003', '1314', '1336'),
('52042419760613289X', '栾静槐', '男', 31, '17029077479', '20150315', '10003', '1320', '1391'),
('810000197604194057', '萨灵儿', '男', 31, '17755471018', '20160316', '10003', '1321', '1394'),
('510822197408144467', '第五采雪', '女', 39, '14515997766', '20170317', '10003', '1313', '1323'),
('230882198709159578', '进梦山', '女', 36, '15146927467', '20180318', '10003', '1318', '1369'),
('341023198305101137', '检亦梅', '男', 36, '19701700943', '20190319', '10003', '1316', '1354'),
('650205196703094543', '衷痴凝', '男', 40, '14915450846', '20200320', '10003', '1314', '1330'),
('360822199904244329', '本芷蕊', '男', 36, '15988789373', '20010321', '10003', '1315', '1347'),
('210882197209306174', '中诗桃', '男', 56, '15489372988', '20020322', '10003', '1317', '1363'),
('500243199901211164', '莫半芹', '女', 56, '19840361092', '20030323', '10003', '1317', '1359'),
('211403199404275628', '姓盼夏', '男', 41, '15177637175', '20040324', '10003', '1312', '1319'),
('411202200003303152', '尧夜夏', '男', 46, '19608065813', '20050325', '10003', '1318', '1372'),
('620602198311027524', '苟思凡', '女', 48, '17291899288', '20060326', '10003', '1312', '1319'),
('341282198903080998', '庚之风', '男', 35, '13358787771', '20070327', '10003', '1313', '1326'),
('230111197903107087', '曲天云', '男', 50, '18702474759', '20080328', '10003', '1316', '1351'),
('510521198009088025', '来半柳', '女', 57, '17437992268', '20090329', '10003', '1314', '1334'),
('441821198910297937', '凭霜', '男', 42, '13493652420', '20100330', '10003', '1316', '1353'),
('420981198308182034', '市巧易', '女', 28, '17245665269', '20110331', '10003', '1317', '1358'),
('540325197907168065', '景巳', '女', 42, '18784181347', '20120332', '10003', '1318', '1372'),
('371329197410096160', '塞寄真', '女', 31, '15933753413', '20130333', '10003', '1320', '1388'),
('330304198904254746', '宾惜风', '男', 45, '13351084975', '20140334', '10003', '1320', '1392'),
('36092519690716216X', '查映儿', '男', 31, '17383448443', '20150335', '10003', '1314', '1336'),
('230127198201237480', '己雁荷', '女', 50, '18404751874', '20160336', '10003', '1321', '1399'),
('350203198912048813', '友曼丝', '女', 46, '14566165032', '20170337', '10003', '1321', '1394'),
('411025197812122684', '绍妙丹', '女', 55, '13785058664', '20180338', '10003', '1321', '1399'),
('320707198610273561', '告念', '女', 49, '17527972474', '20190339', '10003', '1320', '1386'),
('150826198009056040', '夹谷山灵', '男', 53, '19038790322', '20200340', '10003', '1314', '1330'),
('433127196609042717', '林诗丹', '男', 29, '17478866304', '20010341', '10003', '1321', '1399'),
('610722198705032878', '零灵凡', '女', 31, '13316061844', '20020342', '10003', '1315', '1341'),
('513329196812112665', '公良梦蕾', '男', 48, '13946863802', '20030343', '10003', '1314', '1331'),
('420702199206042258', '蓝乐岚', '男', 49, '17400261376', '20040344', '10003', '1313', '1329'),
('350781198008284013', '朱冬山', '男', 59, '14651729488', '20050345', '10003', '1312', '1317'),
('33080319880118036X', '倪紫雪', '女', 40, '18870755702', '20060346', '10003', '1318', '1367'),
('370687196607068088', '千夏蓉', '女', 34, '19872361295', '20070347', '10003', '1315', '1343'),
('45142319950223415X', '胡巧烟', '男', 25, '14742651075', '20080348', '10003', '1315', '1346'),
('451424198010178798', '马佳寒山', '男', 30, '13701994462', '20090349', '10003', '1316', '1348'),
('630223196701109691', '裔以旋', '男', 48, '18299678882', '20100350', '10003', '1318', '1373'),
('410804199005040746', '贡访梦', '男', 51, '15509776892', '20110351', '10003', '1321', '1398'),
('511825196901170998', '邶幻儿', '男', 29, '19681085889', '20120352', '10003', '1318', '1368'),
('659003199706090060', '钱翠安', '女', 60, '14403977767', '20130353', '10003', '1315', '1344'),
('37060219660803250X', '蒋访文', '女', 34, '18044366145', '20140354', '10003', '1318', '1368'),
('330922198305010622', '孙山桃', '男', 39, '15528998795', '20150355', '10003', '1314', '1330'),
('120104197302103663', '续问寒', '女', 45, '18272357293', '20160356', '10003', '1313', '1325'),
('511902200002166143', '聊婉', '男', 48, '13662981588', '20170357', '10003', '1321', '1394'),
('32032219651130867X', '淦绿兰', '男', 51, '13152060325', '20180358', '10003', '1318', '1370'),
('630223198810049199', '尉夜夏', '男', 35, '18272753138', '20190359', '10003', '1313', '1324'),
('350721196705241670', '哀怀寒', '男', 42, '18437068062', '20200360', '10003', '1315', '1340'),
('231222196506054912', '钟天春', '女', 43, '14997892041', '20010361', '10213', '1315', '1342'),
('360733198012082327', '邛映雁', '女', 45, '15206377195', '20020362', '10213', '1320', '1385'),
('420922199809289942', '逯平柔', '男', 25, '13667547434', '20030363', '10213', '1317', '1361'),
('610322197701093749', '陀南霜', '女', 52, '13189446167', '20040364', '10213', '1320', '1385'),
('330783197301096438', '石寄芙', '女', 43, '19763722171', '20050365', '10213', '1315', '1339'),
('532529199701295582', '桥曼菱', '女', 41, '18140478725', '20060366', '10213', '1315', '1343'),
('410503198305052389', '旗千波', '女', 54, '15582471005', '20070367', '10213', '1315', '1343'),
('540226199409049362', '蔺绮风', '男', 54, '14690448809', '20080368', '10213', '1313', '1329'),
('360826199611084072', '俎若雪', '女', 24, '17310316072', '20090369', '10213', '1312', '1314'),
('430981198811083246', '牢静梅', '男', 40, '18443938032', '20100370', '10213', '1321', '1397'),
('130126198712301456', '支谷兰', '男', 57, '17795933338', '20110371', '10213', '1312', '1319'),
('61042819890721919X', '申屠雁卉', '男', 31, '14907259126', '20120372', '10213', '1315', '1340'),
('320412198802184584', '惠香阳', '男', 59, '15221213516', '20130373', '10213', '1317', '1357'),
('130527196608168754', '台飞兰', '男', 26, '17013414132', '20140374', '10213', '1316', '1352'),
('410526199604074114', '函冰云', '女', 56, '18347161949', '20150375', '10213', '1312', '1318'),
('410503197412097377', '兆映冬', '女', 46, '15940232099', '20160376', '10213', '1312', '1319'),
('370306198411260929', '粟烟', '女', 34, '18001252998', '20170377', '10213', '1313', '1326'),
('420881196912206536', '訾觅蓉', '女', 41, '18767997718', '20180378', '10213', '1320', '1389'),
('360821199603246025', '应涵易', '女', 28, '15042628520', '20190379', '10213', '1317', '1362'),
('131081199910166990', '冀怜烟', '女', 29, '15850494147', '20200380', '10213', '1312', '1319'),
('532504198107058566', '毛半容', '女', 27, '13743304369', '20010381', '10213', '1313', '1324'),
('513223199109028162', '行冷海', '女', 35, '13861450027', '20020382', '10213', '1320', '1392'),
('610113199707099596', '巴夏兰', '女', 39, '16710810314', '20030383', '10213', '1317', '1359'),
('350304199608177414', '房语萍', '女', 33, '15638303021', '20040384', '10213', '1315', '1343'),
('340405199302279565', '帛涵荷', '女', 39, '19392167638', '20050385', '10213', '1317', '1358'),
('52032219730419101X', '吾幻南', '男', 43, '17744880610', '20060386', '10213', '1313', '1328'),
('361022198412276255', '娄雁梅', '男', 36, '17388431136', '20070387', '10213', '1320', '1386'),
('500102198602262394', '扈秋晴', '男', 53, '15753869454', '20080388', '10213', '1315', '1344'),
('445222199003195541', '后雅枫', '男', 40, '14433084982', '20090389', '10213', '1320', '1386'),
('321302198110294478', '曹依琴', '男', 49, '13242020871', '20100390', '10213', '1315', '1341'),
('210505198203184319', '寇安莲', '男', 27, '15815948636', '20110391', '10213', '1317', '1357'),
('53310219730808392X', '僪绮芙', '女', 27, '14733400730', '20120392', '10213', '1320', '1391'),
('522327198906285265', '性谷枫', '男', 51, '19047219964', '20130393', '10213', '1312', '1319'),
('13052819921110703X', '咎幻蓉', '女', 43, '15055139290', '20140394', '10213', '1312', '1312'),
('231081196706134043', '宇白真', '女', 39, '13342535208', '20150395', '10213', '1312', '1314'),
('230110198909175855', '普醉南', '女', 54, '17992646643', '20160396', '10213', '1321', '1398'),
('350502197804105222', '寸尔容', '女', 42, '15546391946', '20170397', '10213', '1321', '1398'),
('540528197903265124', '佼困顿', '女', 42, '13584667444', '20180398', '10213', '1315', '1339'),
('310110197305268108', '剑青亦', '男', 47, '13601162854', '20190399', '10213', '1315', '1340'),
('451226198702050092', '钦雪蕊', '女', 37, '18547362441', '20200400', '10213', '1317', '1361'),
('231084199701284811', '卜迎天', '女', 27, '13094556820', '20010401', '10213', '1320', '1389'),
('621102200004238448', '实诗翠', '男', 60, '13976368807', '20020402', '10213', '1313', '1327'),
('513434196507059841', '羽又夏', '女', 47, '18695563582', '20030403', '10213', '1316', '1349'),
('540123197705310971', '仲春翠', '女', 31, '14758053336', '20040404', '10213', '1317', '1364'),
('520626199601261222', '屈书雪', '女', 49, '18049190291', '20050405', '10213', '1312', '1318'),
('370831199901090457', '鲜半寒', '男', 39, '16770228383', '20060406', '10213', '1312', '1315'),
('321324199809266035', '藤笑天', '男', 45, '14996665192', '20070407', '10213', '1320', '1385'),
('652701198209117706', '么秋珊', '男', 26, '13821314368', '20080408', '10213', '1320', '1386'),
('621202197203126554', '表谷翠', '女', 35, '13071041617', '20090409', '10213', '1315', '1346'),
('542525197603090679', '干香松', '女', 56, '14714502076', '20100410', '10213', '1315', '1340'),
('410704197211111387', '历以晴', '女', 29, '18778166006', '20110411', '10213', '1317', '1360'),
('130204198301033108', '相青彤', '女', 46, '15365209608', '20120412', '10213', '1321', '1393'),
('320581198401276048', '戈以春', '女', 54, '19208148573', '20130413', '10213', '1321', '1401'),
('431026198512223963', '殷寻薇', '女', 35, '15516930363', '20140414', '10213', '1312', '1315'),
('630223196903160081', '郑香岚', '男', 56, '13056817914', '20150415', '10213', '1316', '1356'),
('445103196810304072', '税其倩', '男', 29, '19314611540', '20160416', '10213', '1321', '1401'),
('632723198302272780', '典凌芹', '男', 32, '17046828159', '20170417', '10213', '1316', '1351'),
('610428199410096950', '舜平真', '男', 49, '19219906525', '20180418', '10213', '1316', '1355'),
('513233200003050204', '桐如灵', '男', 25, '13155275625', '20190419', '10213', '1321', '1399'),
('152522199207168291', '种小柳', '女', 44, '18446244578', '20200420', '10213', '1320', '1386'),
('410302196701307105', '周春柳', '女', 55, '17052104449', '20010421', '10213', '1316', '1348'),
('410324198906235747', '阴冬莲', '男', 59, '14587847401', '20020422', '10213', '1312', '1312'),
('370902196811190796', '许如旋', '男', 60, '17893187627', '20030423', '10213', '1320', '1386'),
('511529199706156114', '严春香', '男', 50, '17870524236', '20040424', '10213', '1320', '1392'),
('450304197205130536', '厚乐蓉', '男', 48, '18824123265', '20050425', '10213', '1320', '1390'),
('13022419990913015X', '成雨琴', '男', 35, '15454541054', '20060426', '10213', '1317', '1359'),
('211011197602121709', '求寒绿', '女', 55, '13776013827', '20070427', '10213', '1320', '1389'),
('411526199609085681', '敛雅云', '女', 35, '16502043105', '20080428', '10213', '1313', '1329'),
('370481198910150463', '濮阳雁山', '男', 36, '19850156354', '20090429', '10213', '1315', '1346'),
('450107196704253569', '程凝丝', '女', 42, '13066074165', '20100430', '10213', '1320', '1390'),
('32050519770112044X', '嵇沛柔', '女', 45, '13374286609', '20110431', '10213', '1313', '1325'),
('361025196406243924', '平怜雁', '男', 53, '19819571464', '20120432', '10213', '1317', '1364'),
('632725197204224396', '陆又天', '男', 29, '16798841296', '20130433', '10213', '1315', '1344'),
('652801197002145647', '涂雁柳', '女', 24, '14711384636', '20140434', '10213', '1312', '1319'),
('632722199605084881', '鞠南瑶', '女', 24, '18459173900', '20150435', '10213', '1313', '1329'),
('140121198110070830', '年初兰', '男', 60, '14645285762', '20160436', '10213', '1312', '1315'),
('451227197210122784', '苍觅枫', '男', 31, '17754821681', '20170437', '10213', '1313', '1328'),
('321324199410106208', '春又青', '女', 24, '15053503353', '20180438', '10213', '1321', '1399'),
('511111196903171867', '示香槐', '女', 54, '13374812103', '20190439', '10213', '1316', '1354'),
('450303198502084140', '迟妙蝶', '女', 57, '18513224282', '20200440', '10213', '1316', '1349'),
('222401198607245889', '嬴青枫', '女', 26, '18501690751', '20010441', '10213', '1320', '1391'),
('361125197810271740', '穆访薇', '男', 38, '18868282487', '20020442', '10213', '1320', '1386'),
('140932196401225111', '幸丹琴', '男', 53, '15486451755', '20030443', '10213', '1315', '1339'),
('500108198608207466', '武曼雁', '女', 29, '16732623426', '20040444', '10213', '1313', '1328'),
('530423199109288038', '冒念蕾', '男', 48, '17232432993', '20050445', '10213', '1320', '1391'),
('130102198002236345', '前念柳', '女', 49, '15700308254', '20060446', '10213', '1317', '1359'),
('320105197103045791', '尹怀莲', '女', 50, '14957322256', '20070447', '10213', '1321', '1396'),
('230202196511034311', '沙白容', '女', 31, '19985384487', '20080448', '10213', '1313', '1324'),
('510822200004134558', '赛慕卉', '女', 50, '17954384008', '20090449', '10213', '1315', '1342'),
('65312719760701876X', '拓跋又易', '女', 40, '14643515608', '20100450', '10213', '1317', '1359'),
('43042619901209091X', '霍新筠', '男', 39, '18416537492', '20110451', '10213', '1315', '1347'),
('371324198112203725', '由迎丝', '男', 35, '18054457468', '20120452', '10213', '1317', '1357'),
('611022198007233472', '速思双', '男', 34, '15007238311', '20130453', '10213', '1321', '1400'),
('230281199905294289', '罗幻巧', '女', 57, '14481070206', '20140454', '10213', '1316', '1352'),
('460107199010061859', '桑诗青', '女', 29, '17572070045', '20150455', '10213', '1321', '1396'),
('51092319791115551X', '可茶', '男', 56, '13849416472', '20160456', '10213', '1315', '1340'),
('469022198506167077', '森梦安', '女', 49, '15908160807', '20170457', '10213', '1316', '1356'),
('510704198911268308', '鲁若雁', '女', 32, '17129542655', '20180458', '10213', '1321', '1401'),
('469028199711277315', '郦寻梅', '男', 46, '18804834803', '20190459', '10213', '1316', '1353'),
('140221197109074798', '高若丝', '男', 33, '15514312693', '20200460', '10213', '1321', '1397'),
('410603197512305108', '苑安卉', '女', 51, '19910346471', '20010461', '10213', '1315', '1339'),
('120116198705168963', '闽沛凝', '女', 41, '18395032976', '20020462', '10213', '1312', '1314'),
('120111196811074572', '夙孤菱', '女', 24, '19162825282', '20030463', '10213', '1315', '1346'),
('141181198205222988', '奚傲桃', '女', 34, '17735089425', '20040464', '10213', '1312', '1320'),
('21021119900809572X', '文山兰', '女', 44, '17532364699', '20050465', '10213', '1317', '1360'),
('330602199705191808', '臧晓旋', '男', 48, '18460487149', '20060466', '10213', '1320', '1390'),
('340506196612268288', '邢南霜', '男', 35, '17726451210', '20070467', '10213', '1313', '1328'),
('350702197707106849', '印寄秋', '男', 45, '17539555267', '20080468', '10213', '1320', '1387'),
('441322197201133328', '在友青', '女', 52, '17411299708', '20090469', '10213', '1321', '1393'),
('370982197109261327', '耿曼冬', '女', 54, '16669460540', '20100470', '10213', '1315', '1341'),
('610112199411201620', '万俟凡晴', '女', 58, '15650648905', '20110471', '10213', '1320', '1384'),
('610802199101042826', '之醉容', '男', 60, '13242077028', '20120472', '10213', '1313', '1328'),
('141181199307228154', '和夏梦', '男', 37, '16720645009', '20130473', '10213', '1313', '1328'),
('500241196403259214', '折半双', '女', 28, '13364974878', '20140474', '10213', '1317', '1364'),
('410883197402231083', '楚妍', '男', 37, '19961946400', '20150475', '10213', '1317', '1361'),
('450804199202275218', '律寻翠', '女', 29, '14995906275', '20160476', '10213', '1313', '1323'),
('14042919770128039X', '延向山', '男', 34, '18275532594', '20170477', '10213', '1320', '1386'),
('510524198909051120', '纵妙梦', '女', 27, '14844300950', '20180478', '10213', '1316', '1353'),
('230223199103072517', '祖凝莲', '男', 48, '15763247386', '20190479', '10213', '1316', '1352'),
('230902198910173367', '皮雨露', '男', 59, '19831888484', '20200480', '10213', '1313', '1323'),
('330110198506072679', '水千蕊', '女', 35, '17209082045', '20010481', '10213', '1315', '1345'),
('420302199108256162', '扶丹蓝', '男', 60, '18151294672', '20020482', '10213', '1317', '1364'),
('321012197405079136', '沈绿蕊', '女', 39, '15089028200', '20030483', '10213', '1317', '1361'),
('511024197902068025', '壬映云', '男', 41, '13988555780', '20040484', '10213', '1312', '1320'),
('410184198001147166', '谷梁晴', '女', 39, '14967322689', '20050485', '10213', '1313', '1323'),
('421102198111254913', '须白夏', '男', 37, '13796614911', '20060486', '10213', '1316', '1348'),
('430611199109284207', '隽妙芙', '男', 39, '15948154519', '20070487', '10213', '1321', '1399'),
('520329198104260761', '薛香凝', '男', 42, '19046577403', '20080488', '10213', '1321', '1399'),
('611002196811170631', '户南莲', '女', 50, '17809905116', '20090489', '10213', '1313', '1328'),
('451028200006024917', '鲍笑桃', '女', 45, '13565272144', '20100490', '10213', '1312', '1317'),
('520422199208268640', '宗笑萱', '男', 49, '16730566119', '20110491', '10213', '1320', '1388'),
('140621196902094169', '张廖丹彤', '女', 50, '17338269019', '20120492', '10213', '1317', '1365'),
('450902197311195632', '亓官若薇', '女', 46, '13943298659', '20130493', '10213', '1315', '1346'),
('13032219790506091X', '疏怀芹', '女', 46, '15029557393', '20140494', '10213', '1313', '1322'),
('220602199503012079', '牟南芹', '女', 27, '17377714329', '20150495', '10213', '1316', '1351'),
('211003196612294799', '随痴安', '女', 49, '19036038057', '20160496', '10213', '1313', '1324'),
('340826199703058345', '奈飞荷', '男', 49, '17762399418', '20170497', '10213', '1317', '1362'),
('540102198302080801', '赫连新儿', '女', 50, '13285761639', '20180498', '10213', '1312', '1318'),
('120112198305163922', '塔靖香', '女', 51, '18690740852', '20190499', '10213', '1312', '1319'),
('653129198207275983', '邸屠维', '女', 58, '14859752064', '20200500', '10213', '1317', '1359'),
('62052119640907813X', '驹以蕾', '女', 45, '18227391439', '20010501', '10213', '1315', '1344'),
('520602197704069276', '理雨荷', '男', 57, '18806186138', '20020502', '10213', '1320', '1385'),
('350628197903159866', '藏以蓝', '女', 34, '13924496251', '20030503', '10213', '1321', '1397'),
('411722196501124791', '勾依丝', '女', 50, '15056716898', '20040504', '10213', '1315', '1346'),
('632221198512071063', '戚依彤', '女', 40, '14956114435', '20050505', '10213', '1315', '1347'),
('441803197003312913', '顾海凡', '女', 24, '14831422680', '20060506', '10213', '1321', '1394'),
('230204198812244322', '巢曼彤', '男', 55, '15783752328', '20070507', '10213', '1313', '1324'),
('15010219670630809X', '枚又莲', '女', 51, '18488203455', '20080508', '10213', '1312', '1317'),
('410223198605125753', '萧依彤', '男', 46, '15021932116', '20090509', '10213', '1313', '1323'),
('421224198812137561', '依秋瑶', '女', 56, '17553228470', '20100510', '10213', '1317', '1365'),
('450302196803309723', '禚夏瑶', '男', 24, '13479114304', '20110511', '10213', '1312', '1318'),
('410323198610201568', '鹿七七', '女', 51, '17417349066', '20120512', '10213', '1315', '1346'),
('231222197403208960', '酒从易', '男', 52, '17966821968', '20130513', '10213', '1315', '1346'),
('140427198003157257', '茂醉双', '男', 41, '14518788729', '20140514', '10213', '1312', '1312'),
('520324197603258029', '邬翠梅', '男', 60, '18425440903', '20150515', '10213', '1313', '1327'),
('532331198407130855', '商醉香', '女', 45, '14873630851', '20160516', '10213', '1312', '1315'),
('321012197703054244', '蒉迎旋', '男', 30, '17140388398', '20170517', '10213', '1312', '1316'),
('13110319681003191X', '革安真', '女', 37, '15143002841', '20180518', '10213', '1313', '1323'),
('141123197111166729', '载山槐', '女', 53, '16776445231', '20190519', '10213', '1312', '1318'),
('610725198912211210', '闻安瑶', '女', 27, '15205910229', '20200520', '10213', '1320', '1392'),
('450222197309069861', '闾初柳', '男', 26, '15179928121', '20010521', '10213', '1316', '1350'),
('620503197502032429', '恽宛瑶', '男', 53, '13151600558', '20020522', '10213', '1313', '1327'),
('540127198005283941', '秘惜玉', '女', 56, '13717244777', '20030523', '10213', '1315', '1347'),
('610622199304266162', '是山冬', '女', 51, '17706505740', '20040524', '10213', '1317', '1365'),
('532530199806078547', '经夏容', '男', 59, '18304192712', '20050525', '10213', '1315', '1344'),
('150124199903240065', '阎惜芹', '男', 39, '19786701185', '20060526', '10213', '1317', '1362'),
('350421197409299868', '宜香灵', '男', 58, '19793938221', '20070527', '10213', '1312', '1319'),
('610725196710175507', '务丹烟', '男', 31, '17390788661', '20080528', '10213', '1316', '1356'),
('510303196901197529', '乐夜露', '女', 38, '18332689770', '20090529', '10213', '1313', '1327'),
('62010219660319773X', '简凡槐', '女', 39, '13641416507', '20100530', '10213', '1320', '1386'),
('320903199212030521', '贯亦丝', '女', 47, '17304622264', '20110531', '10213', '1317', '1363'),
('330481198204160704', '祝慕波', '女', 25, '17139537796', '20120532', '10213', '1316', '1348'),
('532626198804229408', '释安寒', '女', 27, '15762321725', '20130533', '10213', '1316', '1355'),
('360121199104147358', '常半亦', '女', 52, '19388709234', '20140534', '10213', '1317', '1357'),
('150302197102283296', '靳依霜', '男', 28, '17567886835', '20150535', '10213', '1321', '1398'),
('370827200006274007', '姜孤兰', '男', 60, '17097753854', '20160536', '10213', '1315', '1339'),
('511011197306085329', '明含真', '女', 27, '17033571564', '20170537', '10213', '1320', '1388'),
('371422196602059168', '析友柳', '男', 40, '15258778457', '20180538', '10213', '1315', '1339'),
('450821199310053432', '鄂寄翠', '男', 25, '19516008065', '20190539', '10213', '1317', '1358'),
('141181199503163474', '蚁之灵', '男', 29, '13398686296', '20200540', '10213', '1317', '1359'),
('230722197707160413', '饶如兰', '女', 41, '15637127276', '20010541', '10460', '1321', '1400'),
('652301200006261933', '斐夏海', '女', 50, '15117216458', '20020542', '10460', '1317', '1365'),
('230402198801127727', '巫马尔阳', '男', 45, '13082480145', '20030543', '10460', '1312', '1316'),
('140213198809113668', '龙香巧', '男', 34, '14623697974', '20040544', '10460', '1317', '1362'),
('450512197306072006', '力春柔', '女', 38, '15277522686', '20050545', '10460', '1317', '1357'),
('430626199207200374', '良山寒', '男', 32, '19119776276', '20060546', '10460', '1317', '1364'),
('371312198105316048', '蓟千灵', '男', 50, '14713575652', '20070547', '10460', '1315', '1342'),
('340406197601218647', '锺思烟', '男', 54, '17069671320', '20080548', '10460', '1315', '1341'),
('44090219750619366X', '白宛南', '女', 47, '15127026473', '20090549', '10460', '1316', '1348'),
('451422199509224556', '亓又薇', '女', 37, '15764705014', '20100550', '10460', '1315', '1339'),
('230522200006290163', '谯又蕊', '男', 51, '14739687013', '20110551', '10460', '1317', '1359'),
('430523198804255040', '逢语蓉', '女', 44, '17262969959', '20120552', '10460', '1312', '1313'),
('331002197602104520', '琦冰丝', '女', 56, '13858308039', '20130553', '10460', '1315', '1342'),
('130107197305137392', '百映柏', '男', 58, '17122325060', '20140554', '10460', '1316', '1349'),
('510185199301243701', '麻傲阳', '女', 24, '15680943547', '20150555', '10460', '1316', '1351'),
('440513196802269123', '索灵玉', '男', 54, '15177468757', '20160556', '10460', '1321', '1398'),
('360602197610125062', '哈寻菡', '女', 41, '13862758290', '20170557', '10460', '1321', '1399'),
('350423197210237574', '劳依波', '女', 48, '13885990091', '20180558', '10460', '1321', '1397'),
('37010519670705276X', '畅忆青', '男', 54, '15462275878', '20190559', '10460', '1321', '1396'),
('330281196907198370', '游笑巧', '男', 40, '13408932460', '20200560', '10460', '1316', '1348'),
('210114197503267212', '闾丘小凝', '男', 42, '14685546759', '20010561', '10460', '1312', '1320'),
('230402198202140313', '党凌文', '男', 30, '18752080813', '20020562', '10460', '1315', '1347'),
('140222198905080049', '考涵荷', '女', 41, '18949996039', '20030563', '10460', '1315', '1341'),
('532627197903278725', '隋亦云', '女', 43, '13863245590', '20040564', '10460', '1312', '1316'),
('623023198408218951', '衣夏瑶', '女', 41, '18989215199', '20050565', '10460', '1317', '1363'),
('340304197006275286', '司徒又香', '男', 41, '13050421589', '20060566', '10460', '1321', '1394'),
('130609198801247560', '锺离南烟', '男', 28, '17366064482', '20070567', '10460', '1315', '1339'),
('511723198806280794', '史孤蝶', '女', 28, '15291528969', '20080568', '10460', '1320', '1392'),
('610426198407291846', '机听枫', '女', 29, '14430171757', '20090569', '10460', '1320', '1387'),
('420581199812102067', '计绮梅', '女', 39, '15615068001', '20100570', '10460', '1320', '1388'),
('350702197711307993', '针黛', '男', 24, '15398100358', '20110571', '10460', '1320', '1389'),
('640121198110132577', '潮访天', '男', 40, '19980392427', '20120572', '10460', '1315', '1343'),
('21028319770816264X', '才采荷', '男', 44, '13261712182', '20130573', '10460', '1317', '1358'),
('34080219820323487X', '独雪卉', '女', 34, '19728204118', '20140574', '10460', '1317', '1365'),
('653023197807308314', '绪半烟', '男', 54, '14884431643', '20150575', '10460', '1312', '1318'),
('411403199610187829', '钞觅曼', '女', 49, '17220546060', '20160576', '10460', '1321', '1397'),
('14108219851004527X', '翁山槐', '女', 31, '19007571313', '20170577', '10460', '1321', '1394'),
('140724199710288522', '段干飞之', '男', 49, '15245136557', '20180578', '10460', '1315', '1340'),
('320812197601089916', '锁寻春', '女', 40, '15362274730', '20190579', '10460', '1320', '1391'),
('37160319660313132X', '贝雁真', '男', 50, '19677581285', '20200580', '10460', '1316', '1351'),
('220623197009132764', '杭飞莲', '女', 46, '15290997166', '20010581', '10460', '1312', '1315'),
('451103196405201166', '建海瑶', '男', 31, '18553864106', '20020582', '10460', '1320', '1390'),
('620822198711182343', '次曼安', '男', 35, '17220270757', '20030583', '10460', '1312', '1313'),
('431281198004211822', '斛雅珍', '男', 33, '18748473818', '20040584', '10460', '1321', '1393'),
('340208197312175224', '姒紫玉', '女', 48, '17860928250', '20050585', '10460', '1317', '1362'),
('150429198202034297', '漫夏珍', '男', 57, '14578803480', '20060586', '10460', '1316', '1354'),
('15252819740408757X', '卓碧竹', '女', 48, '19607542748', '20070587', '10460', '1321', '1400'),
('654323197502021248', '关傲旋', '女', 28, '18648787739', '20080588', '10460', '1315', '1339'),
('211102199903307521', '柳怀桃', '男', 29, '19585867586', '20090589', '10460', '1312', '1320'),
('540502199507090997', '及之南', '男', 24, '13626574532', '20100590', '10460', '1320', '1390'),
('411625197212058140', '牵从青', '女', 34, '16738186827', '20110591', '10460', '1317', '1362'),
('513223197212302853', '星从文', '男', 58, '19363304832', '20120592', '10460', '1313', '1324'),
('420503198101145980', '纪丹翠', '女', 41, '13146372213', '20130593', '10460', '1316', '1353'),
('54052519740719935X', '谏安寒', '女', 30, '15442451115', '20140594', '10460', '1321', '1401'),
('460106199207171908', '栋易蝶', '男', 49, '17569969822', '20150595', '10460', '1316', '1353'),
('430626196309016486', '汪碧春', '女', 44, '15621890796', '20160596', '10460', '1321', '1401'),
('152922198202215703', '侍雪柔', '女', 57, '16736382371', '20170597', '10460', '1312', '1315'),
('341323198810126251', '杞孤丹', '男', 43, '13059083570', '20180598', '10460', '1321', '1396'),
('511903199404162867', '怀傲萱', '女', 30, '14622162715', '20190599', '10460', '1312', '1313'),
('361125197011015580', '过丙', '男', 33, '18078260447', '20200600', '10460', '1317', '1361'),
('371083199110076652', '无妙易', '男', 41, '19884821044', '20010601', '10460', '1320', '1384'),
('23038219830415208X', '晁己', '男', 53, '18644262971', '20020602', '10460', '1321', '1396'),
('350924198311278541', '铎忆安', '女', 25, '18872872866', '20030603', '10460', '1315', '1341'),
('610327197107032523', '荣新芙', '男', 56, '15690560728', '20040604', '10460', '1313', '1329'),
('371724199511074509', '叔从珊', '女', 57, '13904864531', '20050605', '10460', '1317', '1358'),
('451381198007173808', '东妙双', '女', 58, '16663022780', '20060606', '10460', '1313', '1321'),
('11011619950613515X', '於恨桃', '男', 58, '17259083255', '20070607', '10460', '1316', '1350'),
('451223199012111279', '脱小柳', '男', 32, '13846536865', '20080608', '10460', '1321', '1401'),
('530423196604195927', '充绿云', '女', 44, '15786225301', '20090609', '10460', '1316', '1355'),
('610702199404261983', '徭梦筠', '男', 33, '19321223293', '20100610', '10460', '1312', '1313'),
('540423196503265051', '璩友芹', '男', 40, '14976516243', '20110611', '10460', '1317', '1364'),
('350923197701305401', '终南香', '男', 49, '14995773927', '20120612', '10460', '1312', '1318'),
('512022199708147843', '汤安荷', '女', 48, '19652331809', '20130613', '10460', '1312', '1316'),
('341522199612115008', '章著雍', '女', 37, '18280677974', '20140614', '10460', '1312', '1318'),
('610429199208025792', '殳夏波', '男', 52, '17500177954', '20150615', '10460', '1317', '1357'),
('420981196808122119', '繁尔蝶', '女', 46, '15833111296', '20160616', '10460', '1316', '1352'),
('532927197105270506', '燕南曼', '女', 48, '13968962555', '20170617', '10460', '1313', '1327'),
('350504197510042177', '集元容', '男', 27, '18466527193', '20180618', '10460', '1315', '1347'),
('150622196411135059', '贾觅易', '女', 39, '17322780147', '20190619', '10460', '1316', '1354'),
('120116196312161294', '慎映儿', '女', 55, '17311438048', '20200620', '10460', '1313', '1323'),
('35052119890923389X', '狂代芙', '女', 34, '13516599576', '20010621', '10460', '1315', '1343'),
('511526198503307724', '车雁蓉', '女', 32, '19687346635', '20020622', '10460', '1313', '1321'),
('511603196706188229', '碧静柏', '女', 36, '19086772033', '20030623', '10460', '1315', '1343'),
('13082519950228034X', '穰雪梦', '男', 48, '14517285398', '20040624', '10460', '1312', '1313'),
('220104196501185680', '奉安荷', '女', 55, '18615928544', '20050625', '10460', '1317', '1357'),
('130432197608057894', '祭南珍', '女', 40, '17253666745', '20060626', '10460', '1320', '1384'),
('341602197010196921', '战山菡', '男', 42, '14436132620', '20070627', '10460', '1320', '1385'),
('370724198512231339', '李执徐', '女', 39, '19819500414', '20080628', '10460', '1316', '1356'),
('150581198210235460', '邵春白', '女', 25, '15503689481', '20090629', '10460', '1313', '1329'),
('220282199701039563', '黄飞烟', '男', 59, '18345018777', '20100630', '10460', '1312', '1318'),
('140828197102037270', '宗政书琴', '男', 46, '16713071799', '20110631', '10460', '1313', '1322'),
('440523199903156298', '衡夜柳', '男', 58, '18148015560', '20120632', '10460', '1315', '1347'),
('130709198812061839', '崇含容', '男', 24, '15831134835', '20130633', '10460', '1315', '1341'),
('130725196606158999', '利半梦', '女', 34, '13226605653', '20140634', '10460', '1316', '1351'),
('440703196611124704', '仇夜雪', '女', 55, '17889574298', '20150635', '10460', '1313', '1325'),
('652702199003162967', '同寒蕾', '女', 41, '18135582950', '20160636', '10460', '1320', '1390'),
('500237199107072876', '柔慕夏', '男', 36, '18302337405', '20170637', '10460', '1317', '1363'),
('44080219811115485X', '银语风', '男', 27, '14753314721', '20180638', '10460', '1315', '1342'),
('520330198410057353', '玄绮波', '男', 27, '17400034669', '20190639', '10460', '1315', '1345'),
('150625198808282629', '信从易', '女', 56, '18239994782', '20200640', '10460', '1316', '1355'),
('211321196811300265', '永安儿', '女', 53, '13143967139', '20010641', '10460', '1320', '1392'),
('533325196907166787', '廖千山', '女', 25, '18985726053', '20020642', '10460', '1317', '1365'),
('469025196802121129', '施又柔', '男', 42, '14430288304', '20030643', '10460', '1320', '1385'),
('500111197112154085', '慈灵寒', '男', 42, '17684780842', '20040644', '10460', '1321', '1398'),
('411624197109089065', '姚映菱', '女', 25, '15355379978', '20050645', '10460', '1312', '1317'),
('32048119770918166X', '庾飞薇', '女', 37, '15197979685', '20060646', '10460', '1312', '1318'),
('420116198909228148', '少春海', '女', 47, '13873629685', '20070647', '10460', '1320', '1389'),
('230227197311189388', '卫晓丝', '女', 26, '13468781658', '20080648', '10460', '1313', '1326'),
('510311199907062012', '拱映冬', '女', 59, '19292773655', '20090649', '10460', '1320', '1386'),
('130529196411098548', '稽怜蕾', '女', 26, '16552770286', '20100650', '10460', '1320', '1391'),
('411202197606149436', '曾友海', '男', 33, '17283325084', '20110651', '10460', '1315', '1344'),
('411422198209260131', '费莫晓筠', '女', 59, '18371590109', '20120652', '10460', '1315', '1339'),
('440404196702057615', '家雁卉', '男', 29, '19064931984', '20130653', '10460', '1315', '1339'),
('540228197811223465', '元妙蕊', '男', 58, '15355066087', '20140654', '10460', '1320', '1390'),
('511681196903257464', '佟佳谷翠', '男', 48, '14890400385', '20150655', '10460', '1315', '1346'),
('532924196401036024', '军寻芹', '女', 28, '18149938101', '20160656', '10460', '1312', '1315'),
('150581199312277965', '牛听双', '女', 30, '16757120501', '20170657', '10460', '1321', '1393'),
('440811198005281077', '喜孤容', '女', 32, '14547922118', '20180658', '10460', '1316', '1352'),
('330825199108289837', '韶怜丝', '女', 56, '15878590378', '20190659', '10460', '1321', '1396'),
('320904197308260468', '隐傲双', '男', 58, '17882463416', '20200660', '10460', '1317', '1357'),
('520623197501071730', '陶天蓉', '女', 29, '16597572666', '20010661', '10460', '1316', '1351'),
('130825199702184707', '尤醉容', '女', 39, '18881985673', '20020662', '10460', '1321', '1393'),
('230111199304243692', '廉靖荷', '女', 27, '15071661773', '20030663', '10460', '1316', '1354'),
('230781199502099726', '忻向秋', '女', 26, '17704531986', '20040664', '10460', '1320', '1387'),
('371728198111169446', '蔡以彤', '女', 57, '17779385672', '20050665', '10460', '1317', '1363'),
('230605198702246253', '霜凡菱', '男', 25, '13399928490', '20060666', '10460', '1312', '1317'),
('632322196612044049', '庄沛容', '女', 41, '17205889497', '20070667', '10460', '1316', '1350'),
('140581198105226544', '歧小柔', '女', 25, '15528818284', '20080668', '10460', '1315', '1340'),
('520423197010155293', '钭雨玉', '女', 27, '16796420917', '20090669', '10460', '1317', '1364'),
('41052219671102640X', '弘映安', '女', 54, '15655735180', '20100670', '10460', '1321', '1400'),
('610326197006288451', '旅思蝶', '男', 24, '15392452672', '20110671', '10460', '1313', '1328'),
('530402197710309943', '旁冰之', '女', 34, '19865476112', '20120672', '10460', '1320', '1388'),
('411527198312246212', '遇靖晴', '男', 57, '13900959817', '20130673', '10460', '1320', '1387'),
('33060219840206564X', '勇醉竹', '女', 37, '18239431211', '20140674', '10460', '1316', '1349'),
('530828198701014748', '泰听筠', '女', 42, '18305979176', '20150675', '10460', '1312', '1317'),
('620104199001218819', '犁嫣', '男', 45, '19217641113', '20160676', '10460', '1312', '1320'),
('211404197003180369', '佘觅珍', '女', 32, '15706028985', '20170677', '10460', '1317', '1359'),
('430703196403043756', '唐亦巧', '男', 41, '13479130622', '20180678', '10460', '1317', '1363'),
('231084197306243885', '皇冬烟', '男', 49, '18795557527', '20190679', '10460', '1316', '1356'),
('469026198808020519', '解晓波', '男', 50, '18893989470', '20200680', '10460', '1320', '1392'),
('620982199211229666', '颜以文', '男', 27, '13547458840', '20010681', '10460', '1321', '1398'),
('141129197911148113', '钮如寒', '女', 47, '19550758302', '20020682', '10460', '1315', '1345'),
('232721198111130993', '双访梅', '女', 47, '13560348386', '20030683', '10460', '1321', '1394'),
('429006198602060264', '柏乐白', '女', 45, '15079124223', '20040684', '10460', '1313', '1325'),
('652828199904096580', '香怀蕾', '男', 38, '19699666630', '20050685', '10460', '1317', '1361'),
('341004197211162517', '盘鸾', '男', 58, '17459517408', '20060686', '10460', '1312', '1316'),
('420682196308231474', '雀平彤', '女', 46, '13759329974', '20070687', '10460', '1315', '1347'),
('110105198404290454', '守幻珊', '男', 59, '17872920217', '20080688', '10460', '1320', '1384'),
('13018419781205173X', '公孙语云', '女', 55, '15384258274', '20090689', '10460', '1315', '1340'),
('360732198008232939', '邝惜巧', '男', 44, '17381200091', '20100690', '10460', '1317', '1365'),
('370829199302247326', '乌孙觅丝', '男', 30, '13609449444', '20110691', '10460', '1317', '1361'),
('542524196910176404', '丑幻露', '男', 32, '17215606242', '20120692', '10460', '1317', '1361'),
('370983197409038203', '浑傲丝', '男', 58, '17777021953', '20130693', '10460', '1316', '1354'),
('230503198602140031', '生水云', '女', 57, '15282395781', '20140694', '10460', '1315', '1343'),
('370782199611157320', '赏觅珍', '女', 31, '15623339702', '20150695', '10460', '1317', '1359'),
('430224196701262660', '乜寻云', '女', 38, '19347154632', '20160696', '10460', '1320', '1389'),
('540102199911051912', '路思真', '女', 59, '18194374792', '20170697', '10460', '1317', '1365'),
('410581199601217997', '戏尔阳', '男', 40, '17292921786', '20180698', '10460', '1317', '1357'),
('654024198609031635', '寻映阳', '男', 58, '16505269544', '20190699', '10460', '1321', '1400'),
('510185198905011018', '腾迎彤', '女', 30, '18317614525', '20200700', '10460', '1317', '1365'),
('532622199502148679', '蒯采亦', '男', 49, '19669746143', '20010701', '10460', '1312', '1318'),
('431123199403224247', '敏沛寒', '男', 26, '17958560985', '20020702', '10460', '1321', '1396'),
('420506196703041820', '御访波', '女', 25, '17630432556', '20030703', '10460', '1317', '1357'),
('420304196808066190', '梁盼夏', '男', 52, '17169450377', '20040704', '10460', '1313', '1324'),
('440222197211290558', '封丁', '女', 38, '19220224208', '20050705', '10460', '1316', '1348'),
('522636198604012686', '井巧云', '男', 51, '14857335060', '20060706', '10460', '1320', '1392'),
('420107199506202857', '纳水翠', '男', 28, '15918641290', '20070707', '10460', '1320', '1387'),
('130525199707175977', '赢如筠', '男', 25, '14415403202', '20080708', '10460', '1321', '1394'),
('640324196802241521', '迮幻丝', '女', 42, '18216330100', '20090709', '10460', '1317', '1358'),
('152222198510079186', '波向雁', '女', 58, '14402408644', '20100710', '10460', '1321', '1400'),
('653129196605024558', '府庚', '女', 47, '15280978366', '20110711', '10460', '1313', '1321'),
('341323199904291244', '缑孤兰', '女', 27, '14422174860', '20120712', '10460', '1313', '1326'),
('410403197501258480', '乌傲夏', '女', 57, '18658448156', '20130713', '10460', '1320', '1391'),
('370302200002285628', '熊春南', '男', 31, '17791475629', '20140714', '10460', '1315', '1347'),
('540230197504150683', '康秋灵', '女', 50, '17820258140', '20150715', '10460', '1317', '1362'),
('230524198610140957', '法盼烟', '女', 45, '19349205394', '20160716', '10460', '1317', '1364'),
('220623199303018208', '松小柳', '男', 54, '13462932267', '20170717', '10460', '1320', '1387'),
('513227196411292775', '言翠梅', '女', 35, '13108755334', '20180718', '10460', '1312', '1317'),
('140723198206288223', '公西晓卉', '男', 31, '13260897328', '20190719', '10460', '1321', '1394'),
('440232199505140418', '登申', '男', 33, '18107691380', '20200720', '10460', '1315', '1342'),
('540124197809200706', '诸葛涵蕾', '女', 54, '17193291571', '20010721', '10486', '1317', '1363'),
('150626197408035997', '悉水蓉', '女', 43, '14524368616', '20020722', '10486', '1312', '1312'),
('35080319730217030X', '阮寄风', '女', 46, '19293597429', '20030723', '10486', '1312', '1314'),
('522633196711161857', '郁之绿', '女', 34, '18595407997', '20040724', '10486', '1321', '1397'),
('361022199011094957', '冠依玉', '男', 40, '13108180125', '20050725', '10486', '1320', '1387'),
('21080219960420516X', '逄冰菱', '男', 39, '14447554455', '20060726', '10486', '1320', '1391'),
('320813199802095509', '那元冬', '女', 48, '17714871516', '20070727', '10486', '1317', '1357'),
('320707196310186811', '植盼凝', '男', 53, '15842721556', '20080728', '10486', '1315', '1339'),
('411003198608121998', '犹语香', '男', 30, '17304889213', '20090729', '10486', '1317', '1359'),
('441602198911172562', '始妙山', '男', 47, '14786851901', '20100730', '10486', '1315', '1342'),
('610727198305203836', '藩怜莲', '男', 24, '17443200342', '20110731', '10486', '1316', '1354'),
('15092119921112501X', '伏绮南', '男', 49, '17833136992', '20120732', '10486', '1320', '1384'),
('211381198605142150', '邓思柔', '女', 49, '14757919168', '20130733', '10486', '1313', '1322'),
('131028198709066908', '真夏烟', '女', 50, '19071885007', '20140734', '10486', '1315', '1342'),
('140525197105289902', '艾向菱', '女', 45, '15441459816', '20150735', '10486', '1317', '1363'),
('621026198403063257', '斋惜梦', '女', 25, '17327630393', '20160736', '10486', '1313', '1325'),
('430281197202030648', '吕倩', '女', 35, '17716260719', '20170737', '10486', '1316', '1356'),
('370323198512040331', '五南阳', '女', 50, '15579468205', '20180738', '10486', '1317', '1365'),
('371621199006232460', '濯诗凡', '女', 34, '19919909987', '20190739', '10486', '1317', '1363'),
('450125199305094077', '蔚丹彤', '女', 36, '17676746129', '20200740', '10486', '1312', '1312'),
('230302199010118233', '池白亦', '女', 26, '19650738318', '20010741', '10486', '1313', '1321'),
('130982197501124605', '骑若香', '女', 27, '19735911000', '20020742', '10486', '1316', '1356'),
('150725199706222350', '北凝梅', '女', 26, '13498136123', '20030743', '10486', '1320', '1392'),
('321283198408114495', '华妙夏', '女', 49, '19893731360', '20040744', '10486', '1317', '1359'),
('530722198308292297', '红灵秋', '男', 27, '16699691622', '20050745', '10486', '1315', '1345'),
('350403198107137689', '焉问容', '女', 35, '13854985392', '20060746', '10486', '1315', '1343'),
('621227197405310672', '甄意映', '男', 51, '17466803246', '20070747', '10486', '1317', '1359'),
('422828196701180575', '伟涵芹', '男', 60, '18525032861', '20080748', '10486', '1312', '1318'),
('540523196902265409', '豆夏之', '男', 56, '15522033674', '20090749', '10486', '1316', '1355'),
('140524197302253443', '尔雅萱', '女', 32, '19069757882', '20100750', '10486', '1316', '1356'),
('210911199703296994', '亥寻绿', '女', 51, '17172985458', '20110751', '10486', '1320', '1391'),
('420205198505078346', '农衣', '男', 39, '18238163963', '20120752', '10486', '1316', '1351'),
('513226199206201659', '郸语桃', '女', 37, '17036526878', '20130753', '10486', '1316', '1348'),
('140303199310017762', '童谷文', '女', 38, '19027396495', '20140754', '10486', '1320', '1389'),
('320214197801135446', '闻人孤凡', '女', 39, '18194330826', '20150755', '10486', '1317', '1365'),
('140931199305264169', '仙念巧', '女', 48, '15202103716', '20160756', '10486', '1316', '1351'),
('440281199609051791', '狄依云', '男', 35, '14504303079', '20170757', '10486', '1315', '1341'),
('330106197708276742', '糜曼卉', '男', 28, '17008890222', '20180758', '10486', '1316', '1349'),
('230221198812033724', '范姜语芹', '女', 36, '15918837341', '20190759', '10486', '1321', '1396'),
('511825198003190101', '勤魈', '男', 44, '17218515427', '20200760', '10486', '1313', '1321'),
('54022819940412547X', '赵之霜', '男', 48, '17325941354', '20010761', '10486', '1320', '1388'),
('420303198801222114', '闵曼萱', '女', 40, '18703763012', '20020762', '10486', '1316', '1355'),
('44128419661105252X', '佴幼柔', '男', 40, '13414017446', '20030763', '10486', '1313', '1327'),
('370923198612079201', '贵冬易', '女', 43, '17782737390', '20040764', '10486', '1320', '1390'),
('131125197804092428', '国尔竹', '女', 52, '19329673121', '20050765', '10486', '1317', '1364'),
('654223197905139376', '乙秋巧', '女', 31, '14811861776', '20060766', '10486', '1321', '1397'),
('331122198310102190', '姬含莲', '男', 36, '15387061092', '20070767', '10486', '1312', '1319'),
('450305198806077911', '僧单阏', '女', 52, '16772813819', '20080768', '10486', '1315', '1347'),
('331083197710169629', '烟若南', '男', 31, '13900684222', '20090769', '10486', '1316', '1356'),
('130404197005134170', '强青山', '女', 24, '18996600574', '20100770', '10486', '1316', '1356'),
('411628199304197103', '奇白风', '男', 33, '18496302381', '20110771', '10486', '1312', '1313'),
('320509197307128174', '位罗敷', '男', 59, '15928796259', '20120772', '10486', '1312', '1320'),
('621027197401265957', '伦以珊', '女', 39, '18005260918', '20130773', '10486', '1320', '1389'),
('652702196407287877', '磨诗翠', '女', 50, '18310392922', '20140774', '10486', '1320', '1389'),
('410103197211243647', '呼之雁', '男', 30, '15146688080', '20150775', '10486', '1316', '1348'),
('441225198007315089', '后曼安', '女', 41, '16584121179', '20160776', '10486', '1312', '1316'),
('43312519940813021X', '汝痴柏', '女', 32, '19957578269', '20170777', '10486', '1312', '1317'),
('360922199602278377', '禹若云', '男', 59, '19196869830', '20180778', '10486', '1313', '1328'),
('320722200006276751', '定白旋', '女', 38, '13843874337', '20190779', '10486', '1321', '1396'),
('420982198707235005', '龚忆枫', '男', 32, '15639204667', '20200780', '10486', '1321', '1396'),
('420526199711096791', '芒绮灵', '男', 47, '19571477407', '20010781', '10486', '1312', '1313'),
('520115197701131323', '淳于映云', '男', 50, '18834145455', '20020782', '10486', '1313', '1325'),
('440803196703254675', '杜念凝', '男', 36, '17902418588', '20030783', '10486', '1320', '1388'),
('140223199708159664', '掌水珊', '男', 57, '17087465165', '20040784', '10486', '1320', '1392'),
('451081197307167804', '长问萱', '女', 42, '15024489617', '20050785', '10486', '1320', '1392'),
('511002197811123924', '有靖梅', '女', 49, '13980802935', '20060786', '10486', '1320', '1385'),
('350924197509222856', '坚妙风', '女', 31, '17846544914', '20070787', '10486', '1317', '1360'),
('360423197904153369', '融尔薇', '男', 48, '19952273308', '20080788', '10486', '1316', '1354'),
('659009197506142291', '业雨竹', '女', 36, '17880813318', '20090789', '10486', '1313', '1321'),
('420106196906229426', '闳丹琴', '男', 33, '18605114283', '20100790', '10486', '1312', '1312'),
('410611196803222615', '全寅', '男', 52, '13040277607', '20110791', '10486', '1321', '1398'),
('54252419730724020X', '买向雁', '女', 41, '16705341897', '20120792', '10486', '1317', '1363'),
('654324199110127639', '毓平卉', '女', 46, '15054456503', '20130793', '10486', '1315', '1340'),
('140929197803137831', '代若松', '男', 50, '15765328308', '20140794', '10486', '1313', '1327'),
('320722199901278459', '尉迟从凝', '男', 24, '18944331412', '20150795', '10486', '1317', '1359'),
('510105198510052366', '清幼筠', '女', 38, '18724968042', '20160796', '10486', '1315', '1346'),
('430481197409255554', '德语枫', '男', 57, '18793705626', '20170797', '10486', '1312', '1317'),
('341023197207034757', '吉涒滩', '女', 38, '19990404021', '20180798', '10486', '1321', '1393'),
('53058119830520203X', '戢宛亦', '女', 51, '13758417558', '20190799', '10486', '1321', '1394'),
('51101119731026053X', '嘉亦巧', '男', 33, '15845503407', '20200800', '10486', '1313', '1329'),
('350423198012064312', '布傲冬', '男', 27, '16752949872', '20010801', '10486', '1321', '1401'),
('140728197604139044', '邰亦玉', '男', 50, '19638304562', '20020802', '10486', '1313', '1326'),
('330104197503256710', '海冷旋', '女', 57, '17999336049', '20030803', '10486', '1317', '1363'),
('370302198203258271', '称冷丝', '女', 60, '15063627285', '20040804', '10486', '1313', '1328'),
('511526198603308003', '苏雨露', '男', 43, '16507785012', '20050805', '10486', '1321', '1395'),
('530829198104082079', '闪曼玉', '女', 49, '17506430501', '20060806', '10486', '1313', '1329'),
('150781198703062095', '申安真', '女', 40, '18411271828', '20070807', '10486', '1312', '1315'),
('450403198804255019', '隆诗巧', '男', 58, '13413509914', '20080808', '10486', '1315', '1341'),
('652924198411078443', '魏傲南', '男', 42, '18781140661', '20090809', '10486', '1313', '1327'),
('130683198806264013', '完若秋', '男', 33, '19579798441', '20100810', '10486', '1315', '1340'),
('141032197406195288', '欧阳新蕊', '男', 44, '15924169338', '20110811', '10486', '1312', '1313'),
('140702197004065893', '闫夏蝶', '男', 55, '14954576887', '20120812', '10486', '1315', '1339'),
('15060319700602094X', '禾傲文', '男', 41, '19728297773', '20130813', '10486', '1320', '1391'),
('540626199410138719', '隗忆文', '女', 24, '15664782420', '20140814', '10486', '1315', '1344'),
('230230198408110528', '辛盼芙', '男', 27, '13720270030', '20150815', '10486', '1313', '1327'),
('23112119850119741X', '帅醉安', '男', 42, '16638064907', '20160816', '10486', '1317', '1361'),
('530128197511138130', '左丘听雁', '女', 28, '19731703745', '20170817', '10486', '1317', '1358'),
('500155199609216195', '频涵易', '男', 31, '14466664647', '20180818', '10486', '1315', '1339'),
('210104197402038741', '望海莲', '女', 56, '13651986680', '20190819', '10486', '1317', '1358'),
('14112519720106063X', '板安荷', '女', 31, '14899899937', '20200820', '10486', '1321', '1401'),
('46902219950118311X', '柴惜玉', '女', 55, '13523738388', '20010821', '10486', '1312', '1317'),
('45032619680211372X', '王沛旋', '女', 28, '13238069847', '20020822', '10486', '1317', '1363'),
('230881197407306439', '蛮凝莲', '男', 28, '18879256958', '20030823', '10486', '1312', '1318'),
('230104197501208818', '秋涵易', '女', 40, '17525499066', '20040824', '10486', '1312', '1317'),
('150523197409010674', '委平筠', '女', 40, '13846555911', '20050825', '10486', '1321', '1398'),
('141024197803083319', '昂雁荷', '男', 44, '17590656445', '20060826', '10486', '1315', '1346'),
('210302199307135989', '覃小春', '女', 39, '15881414473', '20070827', '10486', '1312', '1313'),
('532624196705155923', '董盼南', '女', 37, '13499994655', '20080828', '10486', '1321', '1394'),
('610631199912022862', '合寄青', '女', 28, '18978825195', '20090829', '10486', '1313', '1329'),
('654225199308120150', '乾春蕊', '男', 51, '13194044604', '20100830', '10486', '1317', '1358'),
('522727196805148336', '贲天彤', '女', 45, '13513322299', '20110831', '10486', '1317', '1363'),
('140110199503236147', '祢乐亦', '女', 47, '19398235751', '20120832', '10486', '1312', '1317'),
('130723198609069584', '泥幼旋', '女', 28, '19339311738', '20130833', '10486', '1321', '1394'),
('320117196908242021', '檀迎梅', '女', 59, '14414070982', '20140834', '10486', '1312', '1318'),
('411324199611221431', '岑灵萱', '男', 49, '15634789578', '20150835', '10486', '1321', '1400'),
('320830198506157535', '颛孙初筠', '男', 51, '15579917165', '20160836', '10486', '1321', '1393'),
('520628197407303752', '权静晴', '男', 27, '18033670459', '20170837', '10486', '1321', '1396'),
('340802196608290539', '枝夜瑶', '男', 35, '15107640834', '20180838', '10486', '1320', '1385'),
('420506198405012473', '秦绿露', '男', 29, '18665616622', '20190839', '10486', '1317', '1360'),
('222406199410262470', '英听南', '女', 42, '19953820299', '20200840', '10486', '1316', '1353'),
('210882199212224144', '将乐巧', '女', 48, '18016629328', '20010841', '10486', '1315', '1342'),
('13098219670107840X', '贸乐菱', '男', 38, '15133260427', '20020842', '10486', '1313', '1324'),
('411421197411253321', '都半晴', '男', 34, '14603125232', '20030843', '10486', '1316', '1356'),
('411481199111178281', '欧怀丹', '男', 55, '15651395388', '20040844', '10486', '1315', '1346'),
('500237199507275963', '卯夏山', '男', 25, '13909178447', '20050845', '10486', '1320', '1386'),
('140322197804294989', '度辛', '男', 54, '18892294798', '20060846', '10486', '1315', '1341'),
('411082199111107322', '裴碧巧', '男', 37, '19202653847', '20070847', '10486', '1317', '1365'),
('130706197405296792', '丙芷蓝', '女', 53, '13779614379', '20080848', '10486', '1321', '1398'),
('610826199710120202', '郜翠夏', '男', 31, '17230853640', '20090849', '10486', '1313', '1323'),
('530681196709013223', '墨南蓉', '女', 53, '14991013501', '20100850', '10486', '1317', '1362'),
('510923197008251505', '捷绿筠', '女', 49, '16713015191', '20110851', '10486', '1316', '1353'),
('211224198106086876', '尚代丝', '男', 44, '13596551511', '20120852', '10486', '1313', '1328'),
('120102198903183664', '南寒烟', '男', 57, '15459829387', '20130853', '10486', '1312', '1316'),
('13092119710127728X', '宏凌旋', '男', 52, '15445128066', '20140854', '10486', '1313', '1327'),
('530926197009038944', '门凡巧', '女', 59, '13664015901', '20150855', '10486', '1320', '1386'),
('341523199511136420', '匡白玉', '女', 34, '17795782879', '20160856', '10486', '1313', '1326'),
('13072219810518948X', '初凌云', '男', 56, '18287170247', '20170857', '10486', '1313', '1321'),
('610327199501148515', '彤雅蓉', '女', 51, '13930721374', '20180858', '10486', '1312', '1317'),
('540228197609047314', '节寻蓉', '女', 58, '19825910655', '20190859', '10486', '1321', '1399'),
('410381197505079870', '费灵安', '男', 49, '18500009586', '20200860', '10486', '1316', '1354'),
('150424197412264289', '沃天薇', '男', 52, '15633713965', '20010861', '10486', '1316', '1356'),
('652301197405149506', '戴采枫', '女', 38, '14910741384', '20020862', '10486', '1312', '1314'),
('513336197610066128', '巨沛山', '女', 29, '15234495116', '20030863', '10486', '1315', '1343'),
('411724197703067438', '邱乐曼', '男', 32, '15229686332', '20040864', '10486', '1315', '1346'),
('431322199704214960', '巫冰筠', '男', 39, '14882623673', '20050865', '10486', '1321', '1400'),
('522632196712119865', '营又绿', '女', 58, '13890180854', '20060866', '10486', '1320', '1385'),
('360603199308224858', '青诗桃', '男', 28, '16509669676', '20070867', '10486', '1321', '1398'),
('150303198912240440', '束寻山', '女', 57, '13287005024', '20080868', '10486', '1316', '1352'),
('530403196508292959', '益听安', '女', 24, '17489544451', '20090869', '10486', '1317', '1360'),
('130225197605244673', '兴亦云', '男', 25, '18347990637', '20100870', '10486', '1320', '1391'),
('500118198611152905', '冉曼云', '女', 28, '13983946436', '20110871', '10486', '1313', '1325'),
('440881196806026287', '任冰春', '女', 35, '18878138047', '20120872', '10486', '1317', '1359'),
('32041319680706727X', '宰凌山', '女', 34, '18050944532', '20130873', '10486', '1321', '1400'),
('411425198701084482', '东郭水莲', '女', 34, '18086686376', '20140874', '10486', '1315', '1342'),
('630203196811214665', '娰慕玉', '女', 53, '14414301169', '20150875', '10486', '1321', '1400'),
('430321197507209023', '郏又亦', '女', 25, '18134643720', '20160876', '10486', '1321', '1401'),
('360730198002043499', '百里以蕾', '男', 42, '19525962557', '20170877', '10486', '1316', '1352'),
('350781198407128122', '澹台绿薇', '女', 31, '17830851702', '20180878', '10486', '1320', '1386'),
('430203198203096775', '硕凌柏', '男', 38, '18468847325', '20190879', '10486', '1315', '1345'),
('530824196311147348', '南宫代丝', '女', 41, '14666549209', '20200880', '10486', '1316', '1349'),
('440111196807102061', '区青寒', '男', 49, '19934972415', '20010881', '10486', '1321', '1401'),
('141033199908201305', '渠芷冬', '女', 40, '13513218515', '20020882', '10486', '1316', '1351'),
('520602199009269734', '完颜念之', '男', 34, '17955521724', '20030883', '10486', '1315', '1341'),
('230227200005087943', '展千柳', '男', 49, '14456278433', '20040884', '10486', '1321', '1398'),
('510722199508012027', '段丹寒', '女', 37, '13515886317', '20050885', '10486', '1317', '1364'),
('621121196402238363', '富安白', '女', 43, '13699768734', '20060886', '10486', '1321', '1401'),
('430503199305264240', '瑞问芙', '女', 27, '17614582893', '20070887', '10486', '1315', '1339'),
('654321198206270065', '厍醉曼', '男', 49, '18639115290', '20080888', '10486', '1321', '1395'),
('130637199110078227', '郯安阳', '女', 51, '13211448000', '20090889', '10486', '1315', '1347'),
('445222197703238371', '盖芷琴', '女', 48, '14591338624', '20100890', '10486', '1320', '1385'),
('511126198209084783', '鄞夏波', '男', 54, '15810478805', '20110891', '10486', '1313', '1323'),
('511902197808052917', '恭凌蝶', '男', 33, '17292123650', '20120892', '10486', '1312', '1312'),
('450332199106089405', '彭梦梅', '男', 26, '14903526958', '20130893', '10486', '1313', '1323'),
('230302199904093370', '慕容觅露', '男', 55, '18466705877', '20140894', '10486', '1312', '1318'),
('150802196703214774', '令凝云', '女', 40, '15774723614', '20150895', '10486', '1320', '1389'),
('140881197109226471', '万怜南', '女', 40, '18439091352', '20160896', '10486', '1321', '1396'),
('410822199011119496', '铁尔烟', '女', 55, '13839877790', '20170897', '10486', '1317', '1364'),
('445103196507122858', '图门冷露', '女', 52, '18605711234', '20180898', '10486', '1316', '1350'),
('65900719950813569X', '爱凌云', '女', 45, '16747825276', '20190899', '10486', '1316', '1352'),
('533102200001166442', '桓凌菡', '男', 55, '15989546621', '20200900', '10486', '1313', '1324');

INSERT INTO University (school_id, college_id, principal_id, dean_id) VALUES
(10001, 1312, '610702199404261983', '451024199605037890'),
(10001, 1313, '610702199404261983', '652828199904096580'),
(10001, 1314, '610702199404261983', '511902200002166143'),
(10001, 1315, '610702199404261983', '510703198008104052'),
(10001, 1316, '610702199404261983', '321084197909179271'),
(10001, 1317, '610702199404261983', '540228197811223465'),
(10001, 1318, '610702199404261983', '230111199304243692'),
(10001, 1319, '610702199404261983', '360923198906280929'),
(10001, 1320, '610702199404261983', '13082519950228034X'),
(10001, 1321, '610702199404261983', '21028319770816264X'),

(10003, 1312, '340207199704107899', '371322197502280470'),
(10003, 1313, '340207199704107899', '653130197110267910'),
(10003, 1314, '340207199704107899', '533325196907166787'),
(10003, 1315, '340207199704107899', '140828197102037270'),
(10003, 1316, '340207199704107899', '220722198207137754'),
(10003, 1317, '340207199704107899', '460106199207171908'),
(10003, 1318, '340207199704107899', '130284196909242218'),
(10003, 1320, '340207199704107899', '21021119900809572X'),
(10003, 1321, '340207199704107899', '450721199405147356'),

(10213, 1312, '341522199612115008', '370682196510115720'),
(10213, 1313, '341522199612115008', '330825199108289837'),
(10213, 1315, '341522199612115008', '140524197302253443'),
(10213, 1316, '341522199612115008', '321324199809266035'),
(10213, 1317, '341522199612115008', '420302199108256162'),
(10213, 1320, '341522199612115008', '420506198405012473'),
(10213, 1321, '341522199612115008', '350423198012064312'),

(10460, 1312, '32041319680706727X', '330727196904022467'),
(10460, 1313, '32041319680706727X', '610802199101042826'),
(10460, 1315, '32041319680706727X', '210521196801099625'),
(10460, 1316, '32041319680706727X', '640121198110132577'),
(10460, 1317, '32041319680706727X', '371324198112203725'),
(10460, 1320, '32041319680706727X', '23060519811202428X'),
(10460, 1321, '32041319680706727X', '411481199111178281'),

(10486, 1312, '370983197409038203', '340825197512315497'),
(10486, 1313, '370983197409038203', '520627199407221565'),
(10486, 1315, '370983197409038203', '140723197807066197'),
(10486, 1316, '370983197409038203', '341702196808156233'),
(10486, 1317, '370983197409038203', '140222198905080049'),
(10486, 1320, '370983197409038203', '211404197003180369'),
(10486, 1321, '370983197409038203', '320722199901278459');

SELECT 
    University.school_id,                                         -- 学校 ID
    SchoolName.name AS school_name,                               -- 学校名称
    University.college_id AS college_id,                          -- 学院 ID
    CM.major_id AS major_id,                                      -- 专业 ID
    SchoolStaff_Principal.id_number AS principal_id_number,       -- 校长身份证号码
    SchoolStaff_Principal.name AS principal_name,                 -- 校长姓名
    SchoolStaff_Principal.gender AS principal_gender,             -- 校长性别
    SchoolStaff_Principal.age AS principal_age,                   -- 校长年龄
    SchoolStaff_Principal.contact_info AS principal_contact_info, -- 校长联系方式
    SchoolStaff_Dean.id_number AS dean_id_number,                 -- 院长身份证号码
    SchoolStaff_Dean.name AS dean_name,                           -- 院长姓名
    SchoolStaff_Dean.gender AS dean_gender,                       -- 院长性别
    SchoolStaff_Dean.age AS dean_age,                             -- 院长年龄
    SchoolStaff_Dean.contact_info AS dean_contact_info            -- 院长联系方式
FROM 
    University
JOIN 
    SchoolName ON University.school_id = SchoolName.id            -- 关联学校名称
JOIN 
    CollegeName ON University.college_id = CollegeName.id         -- 关联学院名称
JOIN 
    SchoolStaff AS SchoolStaff_Principal ON University.principal_id = SchoolStaff_Principal.id_number  -- 关联校长信息
JOIN 
    SchoolStaff AS SchoolStaff_Dean ON University.dean_id = SchoolStaff_Dean.id_number                 -- 关联院长信息
JOIN
    CM ON University.college_id = CM.college_id                   -- 关联学院——专业映射
JOIN
    MajorName ON CM.major_id = MajorName.id                       -- 关联专业名称
ORDER BY 
    University.school_id;                                         -- 以学校排序（确保同一个学校的信息能连续）

